classification_mode,rt_rule,lipid_subclass,unsaturation,fit_type,fit_parameters,fit_r_squared,raw_point_count,distinct_carbon_count,representative_point_count,inlier_count,carbon_min,carbon_max,fit_equation,iup_vertical_shift_min,parallelism_passed,parallelism_reference_unsaturation,median_absolute_slope_difference,median_relative_slope_difference,parallelism_note
detailed_chain,ECN,Cer(d14:0/x:y),0.0,Linear,"[0.42765677966101706, -0.3096525423728842]",0.9995280738347676,28,7,7,4,18.0,28.0,y = 0.427657 * x + -0.309653,0.0,,,,,最低不饱和度曲线，无下邻参考曲线
detailed_chain,ECN,Cer(d14:0/x:y)(2OH),0.0,Linear,"[0.4424425675675675, -1.827783783783783]",0.9988720202096668,30,9,9,5,22.0,32.0,y = 0.442443 * x + -1.82778,0.0,,,,,最低不饱和度曲线，无下邻参考曲线
detailed_chain,ECN,Cer(d15:0/x:y),0.0,Linear,"[0.42776315789473707, 0.11036842105262679]",0.9993924540620736,30,8,8,5,18.0,27.0,y = 0.427763 * x + 0.110368,0.0,,,,,最低不饱和度曲线，无下邻参考曲线
detailed_chain,ECN,Cer(d15:0/x:y)(2OH),0.0,Linear,"[0.43490217391304337, -1.2071413043478234]",0.9989768701705096,31,10,10,6,21.0,33.0,y = 0.434902 * x + -1.20714,0.0,,,,,最低不饱和度曲线，无下邻参考曲线
detailed_chain,ECN,Cer(d16:0/x:y),0.0,Linear,"[0.43083593750000027, 0.45419531249999423]",0.9999282730650538,39,9,9,6,17.0,26.0,y = 0.430836 * x + 0.454195,0.0,,,,,最低不饱和度曲线，无下邻参考曲线
detailed_chain,ECN,Cer(d16:0/x:y)(2OH),0.0,Linear,"[0.44427731092436956, -0.9634607843137228]",0.9970483732940836,32,9,9,6,20.0,30.0,y = 0.444277 * x + -0.963461,0.0,,,,,最低不饱和度曲线，无下邻参考曲线
detailed_chain,ECN,Cer(d16:1/x:y),0.0,Quadratic,"[0.05757260479041913, -2.106016616766466, 27.15197215568861]",0.999879943108914,12,6,6,4,18.0,26.0,y = 0.0575726 * x^2 + -2.10602 * x + 27.152,0.0,,,,,最低不饱和度曲线，无下邻参考曲线
detailed_chain,ECN,Cer(d17:0/x:y),0.0,Linear,"[0.428556629834254, 0.9413121546961332]",0.9995755656102484,40,10,10,7,15.0,25.0,y = 0.428557 * x + 0.941312,0.0,,,,,最低不饱和度曲线，无下邻参考曲线
detailed_chain,ECN,Cer(d17:0/x:y),1.0,Linear,"[0.4172499999999988, -0.06208333333330529]",0.9998850154421508,27,7,7,3,21.0,25.0,y = 0.41725 * x + -0.0620833,0.0,True,0.0,0.0113066298342552,0.0263830472967554,通过
detailed_chain,ECN,Cer(d17:0/x:y),2.0,Quadratic,"[-0.007398984593837595, 0.7210603991596672, -3.414422969187722]",0.9965628839088014,39,9,9,8,19.0,27.0,y = -0.00739898 * x^2 + 0.72106 * x + -3.41442,0.0,True,1.0,0.0365428921568609,0.0875803287162637,通过
detailed_chain,ECN,Cer(d17:0/x:y),3.0,Linear,"[0.40507142857142864, -0.7395714285714305]",0.9995763394569128,14,6,6,6,21.0,27.0,y = 0.405071 * x + -0.739571,0.0,True,2.0,0.0391622899159659,0.0966799609986816,通过
detailed_chain,ECN,Cer(d17:0/x:y)(2OH),0.0,Linear,"[0.45073327137546454, -0.6575604089219294]",0.9971722888684348,34,10,10,7,19.0,29.0,y = 0.450733 * x + -0.65756,0.0,,,,,最低不饱和度曲线，无下邻参考曲线
detailed_chain,ECN,Cer(d17:0/x:y)(2OH),1.0,Quadratic,"[-0.02008225231160686, 1.2285336233727866, -8.453213599291162]",0.9979697955748816,23,6,6,5,19.0,31.0,y = -0.0200823 * x^2 + 1.22853 * x + -8.45321,0.0,False,0.0,0.1861477589598072,0.4129887247767529,相邻不饱和度曲线斜率差超过阈值
detailed_chain,ECN,Cer(d17:1/x:y),0.0,Linear,"[0.434127906976744, 0.5166046511627957]",0.999949620955637,21,5,5,3,17.0,24.0,y = 0.434128 * x + 0.516605,0.0,,,,,最低不饱和度曲线，无下邻参考曲线
detailed_chain,ECN,Cer(d17:1/x:y),1.0,Linear,"[0.8867499999999998, -11.576833333333331]",0.9999014235384164,13,6,6,3,23.0,25.0,y = 0.88675 * x + -11.5768,0.0,,0.0,,,重叠碳数范围不足，无法判断
detailed_chain,ECN,Cer(d17:1/x:y),2.0,Linear,"[0.21229508196721314, 3.7197479508196736]",0.9934481488497204,16,5,5,4,19.0,34.0,y = 0.212295 * x + 3.71975,0.0,False,1.0,0.6744549180327867,0.7605919571838589,相邻不饱和度曲线斜率差超过阈值
detailed_chain,ECN,Cer(d17:2/x:y),0.0,Linear,"[0.4193013698630135, -0.35041095890410645]",0.999989374769332,9,6,6,5,19.0,26.0,y = 0.419301 * x + -0.350411,0.0,,,,,最低不饱和度曲线，无下邻参考曲线
detailed_chain,ECN,Cer(d18:0/x:y),0.0,Linear,"[0.4248090075062553, 1.4128732276897402]",0.9995418235690596,60,11,11,8,14.0,26.0,y = 0.424809 * x + 1.41287,0.0,,,,,最低不饱和度曲线，无下邻参考曲线
detailed_chain,ECN,Cer(d18:0/x:y),1.0,Quadratic,"[0.009839285714285575, -0.10178214285713769, 6.987321428571381]",0.999121929958962,28,6,6,4,16.0,24.0,y = 0.00983929 * x^2 + -0.101782 * x + 6.98732,0.0,False,0.0,0.1330197217919699,0.3131282986978831,相邻不饱和度曲线斜率差超过阈值
detailed_chain,ECN,Cer(d18:0/x:y),2.0,Linear,"[0.4134821428571428, 0.18520833333333542]",0.9998295028279214,29,7,7,6,18.0,24.0,y = 0.413482 * x + 0.185208,0.0,True,1.0,0.1020142857142863,0.246719930900455,通过
detailed_chain,ECN,Cer(d18:0/x:y),3.0,Linear,"[0.41680000000000034, -0.6048000000000098]",0.99974586571397,10,5,5,4,22.0,25.0,y = 0.4168 * x + -0.6048,0.0,True,2.0,0.0033178571428575,0.0079603098437081,通过
detailed_chain,ECN,Cer(d18:0/x:y)(2OH),0.0,Linear,"[0.45152230483271366, -0.262230483271372]",0.997545145840943,42,10,10,7,18.0,28.0,y = 0.451522 * x + -0.26223,0.0,,,,,最低不饱和度曲线，无下邻参考曲线
detailed_chain,ECN,Cer(d18:1/x:y),0.0,Linear,"[0.31301089588377706, 2.672323244552059]",0.9999495982946304,31,8,8,4,14.0,24.0,y = 0.313011 * x + 2.67232,0.0,,,,,最低不饱和度曲线，无下邻参考曲线
detailed_chain,ECN,Cer(d18:1/x:y),1.0,Linear,"[0.41607142857142854, 0.11842857142857177]",0.9995537441502108,56,11,11,7,18.0,24.0,y = 0.416071 * x + 0.118429,0.0,True,0.0,0.1030605326876514,0.2476991343565872,通过
detailed_chain,ECN,Cer(d18:1/x:y),2.0,Linear,"[0.40553571428571494, -0.34975000000001444]",0.9998537814163196,28,9,9,6,20.0,26.0,y = 0.405536 * x + -0.34975,0.0,True,1.0,0.0105357142857135,0.0253218884120155,通过
detailed_chain,ECN,Cer(d18:1/x:y),3.0,Linear,"[0.4291211340206185, 0.18244329896907274]",0.9992896573874284,16,9,9,7,18.0,27.0,y = 0.429121 * x + 0.182443,0.0,True,2.0,0.0235854197349035,0.0549621490648147,通过
detailed_chain,ECN,Cer(d18:1/x:y),4.0,Linear,"[0.43232530120481955, -0.4759759036144633]",0.999827130088948,4,4,4,4,20.0,26.0,y = 0.432325 * x + -0.475976,0.0,True,3.0,0.003204167184201,0.0074114727388647,通过
detailed_chain,ECN,Cer(d18:1/x:y)(2OH),0.0,Quadratic,"[-0.0210447922819452, 1.2331194132703256, -7.726255759007643]",0.9999014977850323,25,6,6,4,18.0,30.0,y = -0.0210448 * x^2 + 1.23312 * x + -7.72626,0.0,,,,,最低不饱和度曲线，无下邻参考曲线
detailed_chain,ECN,Cer(d18:2/x:y),0.0,Linear,"[0.4155157894736843, 0.12922807017543647]",0.99992553976316,37,8,8,6,18.0,26.0,y = 0.415516 * x + 0.129228,0.0,,,,,最低不饱和度曲线，无下邻参考曲线
detailed_chain,ECN,Cer(d18:2/x:y),1.0,Linear,"[0.41277142857142873, -0.5062500000000032]",0.9995690520075204,21,8,8,6,20.0,26.0,y = 0.412771 * x + -0.50625,0.0,True,0.0,0.0027443609022555,0.0066047090670891,通过
detailed_chain,ECN,Cer(d18:2/x:y),2.0,Linear,"[0.42778647686832744, 0.20773309608540735]",0.9989987509909276,11,7,7,6,18.0,26.0,y = 0.427786 * x + 0.207733,0.0,True,1.0,0.0150150482968987,0.0350993991367341,通过
detailed_chain,ECN,Cer(d18:2/x:y),3.0,Linear,"[0.42385714285714277, -0.2954999999999952]",0.999611970124446,4,3,3,3,20.0,26.0,y = 0.423857 * x + -0.2955,0.0,True,2.0,0.0039293340111846,0.0091852693426634,通过
detailed_chain,ECN,Cer(d19:0/x:y),0.0,Linear,"[0.4304500000000003, 1.8036499999999958]",0.9981276487763264,32,7,7,5,15.0,23.0,y = 0.43045 * x + 1.80365,0.0,,,,,最低不饱和度曲线，无下邻参考曲线
detailed_chain,ECN,Cer(d19:0/x:y)(2OH),0.0,Linear,"[0.4241337920489296, 0.7245183486238549]",0.9991592733719964,33,11,11,7,17.0,29.0,y = 0.424134 * x + 0.724518,0.0,,,,,最低不饱和度曲线，无下邻参考曲线
detailed_chain,ECN,Cer(d19:1/x:y),1.0,Linear,"[0.4070384615384616, 0.7471538461538447]",0.9986725221510244,9,5,5,4,18.0,25.0,y = 0.407038 * x + 0.747154,0.0,,,,,最低不饱和度曲线，无下邻参考曲线
detailed_chain,ECN,Cer(d19:1/x:y),2.0,Linear,"[0.42082142857142874, -0.28260714285714705]",0.9997882673054448,6,4,4,3,22.0,25.0,y = 0.420821 * x + -0.282607,0.0,True,1.0,0.0137829670329671,0.032752531352209,通过
detailed_chain,ECN,Cer(d19:1/x:y),3.0,Linear,"[0.43651162790697684, 0.4914186046511606]",0.999980381460921,3,3,3,3,17.0,24.0,y = 0.436512 * x + 0.491419,0.0,True,2.0,0.0156901993355481,0.0359445163254431,通过
detailed_chain,ECN,Cer(d19:1/x:y)(2OH),0.0,Linear,"[0.38066867469879495, 1.180000000000005]",0.9992652503349748,8,6,6,4,17.0,23.0,y = 0.380669 * x + 1.18,0.0,,,,,最低不饱和度曲线，无下邻参考曲线
detailed_chain,ECN,Cer(d19:2/x:y),1.0,Linear,"[0.4095000000000002, -0.04350000000000698]",0.9992447129909364,3,3,3,3,22.0,24.0,y = 0.4095 * x + -0.0435,0.0,,,,,最低不饱和度曲线，无下邻参考曲线
detailed_chain,ECN,Cer(d20:0/x:y),0.0,Linear,"[0.4036613793103448, 2.6547993103448295]",0.9985525822039664,44,9,9,6,14.0,26.0,y = 0.403661 * x + 2.6548,0.0,,,,,最低不饱和度曲线，无下邻参考曲线
detailed_chain,ECN,Cer(d20:0/x:y)(2OH),0.0,Linear,"[0.43378050397877976, 1.0155205570291788]",0.9978606900653282,32,10,10,7,16.0,28.0,y = 0.433781 * x + 1.01552,0.0,,,,,最低不饱和度曲线，无下邻参考曲线
detailed_chain,ECN,Cer(d20:1/x:y),1.0,Linear,"[0.3175015432098766, 2.818569444444443]",0.9965166736053904,27,10,10,5,14.0,24.0,y = 0.317502 * x + 2.81857,0.0,False,0.0,0.234286918328585,0.4245955373466148,相邻不饱和度曲线斜率差超过阈值
detailed_chain,ECN,Cer(d20:1/x:y),2.0,Linear,"[0.18678061224489798, 5.262785714285714]",0.9999986009767484,11,6,6,3,16.0,32.0,y = 0.186781 * x + 5.26279,0.0,False,1.0,0.1307209309649786,0.4117174664520253,相邻不饱和度曲线斜率差超过阈值
detailed_chain,ECN,Cer(d20:1/x:y),3.0,Linear,"[0.4066428571428575, 1.5559285714285647]",0.9945193536551464,4,3,3,3,21.0,24.0,y = 0.406643 * x + 1.55593,0.0,False,2.0,0.2198622448979595,0.5406765200371386,相邻不饱和度曲线斜率差超过阈值
detailed_chain,ECN,Cer(d20:2/x:y),0.0,Quadratic,"[0.06652763819095502, -2.505195979899508, 32.4892110552765]",0.9999789961766844,7,4,4,4,19.0,24.0,y = 0.0665276 * x^2 + -2.5052 * x + 32.4892,0.0,,,,,最低不饱和度曲线，无下邻参考曲线
detailed_chain,ECN,Cer(d20:2/x:y),1.0,Linear,"[0.40930722891566285, 0.4056927710843343]",0.9998459146911076,6,5,5,4,18.0,24.0,y = 0.409307 * x + 0.405693,0.0,False,0.0,0.1684244004834303,0.4114865034991452,相邻不饱和度曲线斜率差超过阈值
detailed_chain,ECN,Cer(d21:0/x:y),0.0,Linear,"[0.40009698275862077, 3.143579741379309]",0.9982726771553764,30,8,8,5,13.0,25.0,y = 0.400097 * x + 3.14358,0.0,,,,,最低不饱和度曲线，无下邻参考曲线
detailed_chain,ECN,Cer(d21:0/x:y)(2OH),0.0,Linear,"[0.43516614906832274, 1.3959829192546636]",0.9989932619131806,31,10,10,6,15.0,27.0,y = 0.435166 * x + 1.39598,0.0,,,,,最低不饱和度曲线，无下邻参考曲线
detailed_chain,ECN,Cer(d22:0/x:y),0.0,Linear,"[0.4529341317365272, 2.269784431137719]",0.9976412039655784,41,9,9,6,14.0,24.0,y = 0.452934 * x + 2.26978,0.0,,,,,最低不饱和度曲线，无下邻参考曲线
detailed_chain,ECN,Cer(d22:0/x:y)(2OH),0.0,Linear,"[0.442814189189189, 1.7039189189189212]",0.9989219298884798,30,10,10,5,14.0,24.0,y = 0.442814 * x + 1.70392,0.0,,,,,最低不饱和度曲线，无下邻参考曲线
detailed_chain,ECN,Cer(d23:0/x:y),0.0,Linear,"[0.4187064516129037, 3.6877483870967662]",0.9998237073238728,27,6,6,4,11.0,19.0,y = 0.418706 * x + 3.68775,0.0,,,,,最低不饱和度曲线，无下邻参考曲线
detailed_chain,ECN,Cer(d23:0/x:y)(2OH),0.0,Linear,"[0.424003571428571, 2.420267857142866]",0.99916194514632,30,11,11,6,13.0,25.0,y = 0.424004 * x + 2.42027,0.0,,,,,最低不饱和度曲线，无下邻参考曲线
detailed_chain,ECN,Cer(d24:0/x:y),0.0,Linear,"[0.34572891566265085, 5.437072289156624]",0.9981472850228283,22,6,6,4,16.0,22.0,y = 0.345729 * x + 5.43707,0.0,,,,,最低不饱和度曲线，无下邻参考曲线
detailed_chain,ECN,Cer(d24:0/x:y)(2OH),0.0,Quadratic,"[-0.0022709721903010575, 0.498642381061824, 2.6537281084808173]",0.9998386208752278,13,7,7,5,12.0,19.0,y = -0.00227097 * x^2 + 0.498642 * x + 2.65373,0.0,,,,,最低不饱和度曲线，无下邻参考曲线
detailed_chain,ECN,Cer(d24:1/x:y),1.0,Linear,"[0.42199999999999965, 2.512000000000006]",0.997161111142219,9,3,3,3,18.0,20.0,y = 0.422 * x + 2.512,0.0,,,,,最低不饱和度曲线，无下邻参考曲线
detailed_chain,ECN,Cer(d26:0/x:y),0.0,Linear,"[0.3356500000000008, 6.325199999999986]",0.999006720916532,9,5,5,4,14.0,20.0,y = 0.33565 * x + 6.3252,0.0,,,,,最低不饱和度曲线，无下邻参考曲线
detailed_chain,ECN,Cer(d26:0/x:y)(2OH),0.0,Linear,"[0.3613103448275861, 5.153827586206896]",0.998929722872378,5,5,5,5,16.0,22.0,y = 0.36131 * x + 5.15383,0.0,,,,,最低不饱和度曲线，无下邻参考曲线
detailed_chain,ECN,Cer(m14:0/x:y),2.0,Linear,"[0.37888461538461576, 0.7278153846153721]",0.999997713577285,5,5,5,3,28.0,36.0,y = 0.378885 * x + 0.727815,0.0,,,,,最低不饱和度曲线，无下邻参考曲线
detailed_chain,ECN,Cer(m14:2/x:y),0.0,Linear,"[0.4229857142857144, -0.5554285714285747]",0.9996386870296116,4,4,4,3,20.0,30.0,y = 0.422986 * x + -0.555429,0.0,,,,,最低不饱和度曲线，无下邻参考曲线
detailed_chain,ECN,Cer(m14:4/x:y),4.0,Quadratic,"[0.062040488757139675, -2.5664623671462614, 32.33424907815771]",0.9998202080524754,5,5,5,4,21.0,34.0,y = 0.0620405 * x^2 + -2.56646 * x + 32.3342,0.0,,,,,最低不饱和度曲线，无下邻参考曲线
detailed_chain,ECN,Cer(m15:0/x:y),0.0,Linear,"[0.41968421052631566, 0.8039122807017591]",0.9993691716822196,3,3,3,3,19.0,27.0,y = 0.419684 * x + 0.803912,0.0,,,,,最低不饱和度曲线，无下邻参考曲线
detailed_chain,ECN,Cer(m15:1/x:y),1.0,Linear,"[0.39874999999999966, 0.5449500000000089]",0.999354715459168,4,4,4,3,25.0,29.0,y = 0.39875 * x + 0.54495,0.0,,,,,最低不饱和度曲线，无下邻参考曲线
detailed_chain,ECN,Cer(m15:4/x:y),4.0,Quadratic,"[0.06240414196370465, -2.4588230559973936, 30.013849956619147]",0.9998181549792188,6,5,5,4,20.0,33.0,y = 0.0624041 * x^2 + -2.45882 * x + 30.0138,0.0,,,,,最低不饱和度曲线，无下邻参考曲线
detailed_chain,ECN,Cer(m16:0/x:y),0.0,Linear,"[0.37981927710843366, 2.257180722891569]",0.9986255295928688,8,4,4,4,18.0,24.0,y = 0.379819 * x + 2.25718,0.0,,,,,最低不饱和度曲线，无下邻参考曲线
detailed_chain,ECN,Cer(m16:1/x:y),1.0,Quadratic,"[0.010369382022471929, -0.12191095505618044, 6.54889719101124]",0.999979451416074,25,7,7,4,17.0,26.0,y = 0.0103694 * x^2 + -0.121911 * x + 6.5489,0.0,,,,,最低不饱和度曲线，无下邻参考曲线
detailed_chain,ECN,Cer(m16:2/x:y),0.0,Linear,"[0.42540094339622636, 0.24637971698113326]",0.9995350261473394,42,11,11,8,17.0,28.0,y = 0.425401 * x + 0.24638,0.0,,,,,最低不饱和度曲线，无下邻参考曲线
detailed_chain,ECN,Cer(m16:2/x:y),1.0,Linear,"[0.398, -0.7124999999999986]",0.9990055132328232,12,3,3,3,22.0,26.0,y = 0.398 * x + -0.7125,0.0,True,0.0,0.0274009433962263,0.0644120419138436,通过
detailed_chain,ECN,Cer(m16:4/x:y),4.0,Linear,"[0.22876923076923125, 1.4032307692307615]",0.9982930764004918,6,6,6,3,16.0,20.0,y = 0.228769 * x + 1.40323,0.0,,,,,最低不饱和度曲线，无下邻参考曲线
detailed_chain,ECN,Cer(m17:0/x:y),0.0,Linear,"[0.3831008064516128, 2.5737258064516126]",0.9994942537264154,9,7,7,7,16.0,25.0,y = 0.383101 * x + 2.57373,0.0,,,,,最低不饱和度曲线，无下邻参考曲线
detailed_chain,ECN,Cer(m17:0/x:y),2.0,Linear,"[0.4689230769230769, -1.2989999999999995]",0.9996796879293676,8,5,5,3,17.0,25.0,y = 0.468923 * x + -1.299,0.0,True,0.0,0.085822270471464,0.1830199337482009,通过
detailed_chain,ECN,Cer(m17:1/x:y),1.0,Quadratic,"[0.03721230407523506, -1.2140312225705305, 17.76489006269589]",0.9986955112060044,83,10,10,6,18.0,27.0,y = 0.0372123 * x^2 + -1.21403 * x + 17.7649,0.0,,,,,最低不饱和度曲线，无下邻参考曲线
detailed_chain,ECN,Cer(m17:1/x:y),2.0,Linear,"[0.3845693877551021, 0.022559183673468652]",0.9978940520191508,47,8,8,6,19.0,27.0,y = 0.384569 * x + 0.0225592,0.0,False,1.0,0.1507333835958888,0.3028387692170057,相邻不饱和度曲线斜率差超过阈值
detailed_chain,ECN,Cer(m17:2/x:y),0.0,Linear,"[0.4208790983606556, 0.775616803278691]",0.999420559983476,45,12,12,6,16.0,27.0,y = 0.420879 * x + 0.775617,0.0,,,,,最低不饱和度曲线，无下邻参考曲线
detailed_chain,ECN,Cer(m17:2/x:y),1.0,Linear,"[0.33506567796610215, 1.191381355932192]",0.9961620367791344,38,8,8,5,17.0,25.0,y = 0.335066 * x + 1.19138,0.0,True,0.0,0.0858134203945534,0.2038909053188929,通过
detailed_chain,ECN,Cer(m17:4/x:y),4.0,Quadratic,"[0.06204048875713967, -2.1942194346034225, 25.193226375533172]",0.9998202080524754,5,5,5,4,18.0,31.0,y = 0.0620405 * x^2 + -2.19422 * x + 25.1932,0.0,,,,,最低不饱和度曲线，无下邻参考曲线
detailed_chain,ECN,Cer(m18:0/x:y),0.0,Linear,"[0.38280601092896177, 2.962150273224043]",0.9996056706225646,15,9,9,8,15.0,25.0,y = 0.382806 * x + 2.96215,0.0,,,,,最低不饱和度曲线，无下邻参考曲线
detailed_chain,ECN,Cer(m18:0/x:y),1.0,Linear,"[0.39649038461538466, 2.055365384615383]",0.9999153862899812,3,3,3,3,16.0,24.0,y = 0.39649 * x + 2.05537,0.0,True,0.0,0.0136843736864228,0.0345137592673209,通过
detailed_chain,ECN,Cer(m18:0/x:y),2.0,Linear,"[0.3991999999999997, 1.746300000000005]",0.9997987361028786,12,6,6,5,22.0,26.0,y = 0.3992 * x + 1.7463,0.0,True,1.0,0.002709615384615,0.0067876136889154,通过
detailed_chain,ECN,Cer(m18:1/x:y),0.0,Linear,"[0.39649038461538466, 2.055365384615383]",0.9999153862899812,3,3,3,3,16.0,24.0,y = 0.39649 * x + 2.05537,0.0,,,,,最低不饱和度曲线，无下邻参考曲线
detailed_chain,ECN,Cer(m18:1/x:y),1.0,Linear,"[0.42236163522012576, 1.1672594339622648]",0.9994762297456156,50,11,11,8,16.0,26.0,y = 0.422362 * x + 1.16726,0.0,True,0.0,0.0258712506047411,0.0612537892823943,通过
detailed_chain,ECN,Cer(m18:2/x:y),0.0,Linear,"[0.4198861386138614, 1.2066138613861384]",0.9996534640233068,104,12,12,5,15.0,26.0,y = 0.419886 * x + 1.20661,0.0,,,,,最低不饱和度曲线，无下邻参考曲线
detailed_chain,ECN,Cer(m18:2/x:y),1.0,Quadratic,"[0.008492456479690446, -0.006640618955509596, 4.8911001934235685]",0.999785002919346,72,11,11,6,16.0,26.0,y = 0.00849246 * x^2 + -0.00664062 * x + 4.8911,0.0,True,0.0,0.0698435854223722,0.1663393453590577,通过
detailed_chain,ECN,Cer(m18:2/x:y),2.0,Quadratic,"[-0.007866367403314927, 0.7076602209944757, -3.195448895027633]",0.9997611368873218,11,6,6,4,16.0,26.0,y = -0.00786637 * x^2 + 0.70766 * x + -3.19545,0.0,True,1.0,0.0828294880152171,0.2042608941103883,通过
detailed_chain,ECN,Cer(m18:2/x:y),3.0,Linear,"[0.446, 3.096]",0.9991425846126336,7,7,7,4,19.0,25.0,y = 0.446 * x + 3.096,0.0,True,2.0,0.0844599447513811,0.18937207343359,通过
detailed_chain,ECN,Cer(m18:3/x:y),0.0,Quadratic,"[0.009305899419729183, -0.03931054158607259, 5.19446266924564]",0.9997361159993418,63,10,10,6,16.0,26.0,y = 0.0093059 * x^2 + -0.0393105 * x + 5.19446,0.0,,,,,最低不饱和度曲线，无下邻参考曲线
detailed_chain,ECN,Cer(m18:3/x:y),1.0,Linear,"[0.37682142857142864, 0.07492857142857012]",0.9997465061821886,11,5,5,3,16.0,26.0,y = 0.376821 * x + 0.0749286,0.0,True,0.0,0.0471184780745781,0.1250419283563821,通过
detailed_chain,ECN,Cer(m18:4/x:y),4.0,Quadratic,"[0.062040488757139675, -2.0701384570891435, 23.061047429686887]",0.9998202080524754,5,5,5,4,17.0,30.0,y = 0.0620405 * x^2 + -2.07014 * x + 23.061,0.0,,,,,最低不饱和度曲线，无下邻参考曲线
detailed_chain,ECN,Cer(m19:0/x:y),0.0,Linear,"[0.38380000000000036, 3.3293999999999926]",0.9991700175275802,8,6,6,5,20.0,24.0,y = 0.3838 * x + 3.3294,0.0,,,,,最低不饱和度曲线，无下邻参考曲线
detailed_chain,ECN,Cer(m19:1/x:y),1.0,Linear,"[0.4073389830508476, 1.8991016949152524]",0.9973622024236456,13,6,6,6,18.0,25.0,y = 0.407339 * x + 1.8991,0.0,,,,,最低不饱和度曲线，无下邻参考曲线
detailed_chain,ECN,Cer(m19:2/x:y),0.0,Linear,"[0.4240033783783785, 1.5438749999999963]",0.9993536963488504,43,10,10,9,16.0,25.0,y = 0.424003 * x + 1.54387,0.0,,,,,最低不饱和度曲线，无下邻参考曲线
detailed_chain,ECN,Cer(m19:2/x:y),1.0,Linear,"[0.4674285714285714, -0.17659523809523847]",0.9997161194792656,9,4,4,3,19.0,24.0,y = 0.467429 * x + -0.176595,0.0,True,0.0,0.0434251930501929,0.0929023078702171,通过
detailed_chain,ECN,Cer(m19:4/x:y),4.0,Quadratic,"[0.016906237068370963, -0.28960525771299844, 6.076061244195136]",0.9996900841488844,7,6,6,5,12.0,29.0,y = 0.0169062 * x^2 + -0.289605 * x + 6.07606,0.0,,,,,最低不饱和度曲线，无下邻参考曲线
detailed_chain,ECN,Cer(m20:0/x:y),0.0,Linear,"[0.41655625, 3.002643749999999]",0.9982708688930224,8,7,7,6,14.0,23.0,y = 0.416556 * x + 3.00264,0.0,,,,,最低不饱和度曲线，无下邻参考曲线
detailed_chain,ECN,Cer(m20:1/x:y),1.0,Linear,"[0.3995192307692306, 2.5309038461538496]",0.9999883157234164,8,4,4,3,20.0,24.0,y = 0.399519 * x + 2.5309,0.0,,,,,最低不饱和度曲线，无下邻参考曲线
detailed_chain,ECN,Cer(m20:2/x:y),0.0,Linear,"[0.4186406250000001, 2.0781874999999967]",0.999499055058874,54,11,11,6,15.0,24.0,y = 0.418641 * x + 2.07819,0.0,,,,,最低不饱和度曲线，无下邻参考曲线
detailed_chain,ECN,Cer(m20:3/x:y),0.0,Linear,"[0.29099999999999987, 3.4703333333333335]",0.9999408968657688,19,8,8,3,16.0,24.0,y = 0.291 * x + 3.47033,0.0,,,,,最低不饱和度曲线，无下邻参考曲线
detailed_chain,ECN,Cer(m20:4/x:y),4.0,Quadratic,"[0.021524999999999912, -0.3951164634146316, 6.809042682926813]",0.9999958198098394,6,6,6,4,11.0,20.0,y = 0.021525 * x^2 + -0.395116 * x + 6.80904,0.0,,,,,最低不饱和度曲线，无下邻参考曲线
detailed_chain,ECN,Cer(m21:0/x:y),0.0,Linear,"[0.39290000000000025, 3.929699999999994]",0.9997633526211094,6,5,5,4,18.0,21.0,y = 0.3929 * x + 3.9297,0.0,,,,,最低不饱和度曲线，无下邻参考曲线
detailed_chain,ECN,Cer(m21:0/x:y),2.0,Linear,"[0.4090769230769233, 2.6897884615384564]",0.9993379163564527,6,6,6,4,16.0,23.0,y = 0.409077 * x + 2.68979,0.0,True,0.0,0.016176923076923,0.0395449417074086,通过
detailed_chain,ECN,Cer(m21:2/x:y),0.0,Linear,"[0.4187105263157892, 2.4952631578947404]",0.9994924877511596,8,4,4,3,17.0,22.0,y = 0.418711 * x + 2.49526,0.0,,,,,最低不饱和度曲线，无下邻参考曲线
detailed_chain,ECN,Cer(m21:4/x:y),4.0,Quadratic,"[0.02152499999999991, -0.35206646341463155, 6.435451219512178]",0.9999958198098394,6,6,6,4,10.0,19.0,y = 0.021525 * x^2 + -0.352066 * x + 6.43545,0.0,,,,,最低不饱和度曲线，无下邻参考曲线
detailed_chain,ECN,Cer(m22:2/x:y),0.0,Linear,"[0.537142857142857, 0.27638095238095417]",0.9994519695736336,8,6,6,3,12.0,22.0,y = 0.537143 * x + 0.276381,0.0,,,,,最低不饱和度曲线，无下邻参考曲线
detailed_chain,ECN,Cer(m22:4/x:y),4.0,Quadratic,"[0.04632296313688646, -0.9536421930030474, 10.277257806996907]",0.9999937451075614,6,6,6,4,12.0,26.0,y = 0.046323 * x^2 + -0.953642 * x + 10.2773,0.0,,,,,最低不饱和度曲线，无下邻参考曲线
detailed_chain,ECN,Cer(m24:1/x:y),1.0,Linear,"[0.4140714285714286, 3.8540714285714284]",0.9999742010938736,14,5,5,3,16.0,19.0,y = 0.414071 * x + 3.85407,0.0,,,,,最低不饱和度曲线，无下邻参考曲线
detailed_chain,ECN,Cer(m24:2/x:y),0.0,Linear,"[0.6354505494505495, -0.5306923076923056]",0.9996552465827652,7,4,4,3,10.0,20.0,y = 0.635451 * x + -0.530692,0.0,,,,,最低不饱和度曲线，无下邻参考曲线
detailed_chain,ECN,DHCerP(d17:0/x:y),1.0,Linear,"[0.42500000000000004, -2.775000000000002]",1.0,3,3,3,3,25.0,31.0,y = 0.425 * x + -2.775,0.0,,,,,最低不饱和度曲线，无下邻参考曲线
detailed_chain,ECN,DHCerP(d17:0/x:y),2.0,Linear,"[0.4107857142857143, -2.6439285714285727]",0.9999767798831792,3,3,3,3,25.0,31.0,y = 0.410786 * x + -2.64393,0.0,True,1.0,0.0142142857142857,0.0334453781512605,通过
detailed_chain,ECN,DHCerP(d18:0/x:y),0.0,Quadratic,"[-0.018131450211075144, 1.0305415818226924, -4.7435600198658605]",0.999989281405068,5,5,5,4,14.0,29.0,y = -0.0181315 * x^2 + 1.03054 * x + -4.74356,0.0,,,,,最低不饱和度曲线，无下邻参考曲线
detailed_chain,ECN,DHCerP(d18:0/x:y),1.0,Linear,"[0.42110000000000014, -2.2388500000000047]",0.9999249528523536,6,6,6,4,22.0,30.0,y = 0.4211 * x + -2.23885,0.0,False,0.0,0.31526237894214,0.7486639252959866,相邻不饱和度曲线斜率差超过阈值
detailed_chain,ECN,DHCerP(d18:0/x:y),2.0,Linear,"[0.41861764705882365, -2.4249607843137273]",0.9995731457338836,12,6,6,6,24.0,31.0,y = 0.418618 * x + -2.42496,0.0,True,1.0,0.0024823529411764,0.0058949250562253,通过
detailed_chain,ECN,DHCerP(d18:0/x:y),3.0,Linear,"[0.42971428571428544, -3.450857142857135]",0.99899802796446,3,3,3,3,28.0,31.0,y = 0.429714 * x + -3.45086,0.0,True,2.0,0.0110966386554617,0.0258232947434283,通过
detailed_chain,ECN,DHCerP(d18:0/x:y),4.0,Linear,"[0.4262857142857124, -2.924142857142801]",0.999924199300365,3,3,3,3,28.0,31.0,y = 0.426286 * x + -2.92414,0.0,True,3.0,0.003428571428573,0.0079787234042591,通过
detailed_chain,ECN,DHCerP(d18:1/x:y),0.0,Linear,"[0.4211000000000003, -2.2388500000000082]",0.9999249528523536,9,8,8,4,22.0,30.0,y = 0.4211 * x + -2.23885,0.0,,,,,最低不饱和度曲线，无下邻参考曲线
detailed_chain,ECN,DHCerP(d18:1/x:y),1.0,Linear,"[0.40404720616570333, -1.9853429672447032]",0.9961249192536088,13,8,8,8,22.0,31.0,y = 0.404047 * x + -1.98534,0.0,True,0.0,0.0170527938342969,0.040495829575628,通过
detailed_chain,ECN,DHCerP(d18:1/x:y),2.0,Quadratic,"[0.016246540070807856, -0.5037771054607877, 10.072933311876412]",0.9941619437265108,14,7,7,7,16.0,32.0,y = 0.0162465 * x^2 + -0.503777 * x + 10.0729,0.0,True,1.0,0.0740348661454535,0.1832332089312633,通过
detailed_chain,ECN,DHCerP(d18:1/x:y),3.0,Quadratic,"[-0.012174307036247601, 1.1501753731343431, -13.672083155650522]",0.9995765211458084,11,6,6,5,26.0,32.0,y = -0.0121743 * x^2 + 1.15018 * x + -13.6721,0.0,True,2.0,0.0863418139961177,0.1783918557047105,通过
detailed_chain,ECN,DHCerP(d18:1/x:y),4.0,Linear,"[0.41478947368421054, -2.9109824561403492]",0.9999986260989392,8,5,5,3,24.0,32.0,y = 0.414789 * x + -2.91098,0.0,True,3.0,0.0369852365658154,0.083287783332517,通过
detailed_chain,ECN,DHCerP(d18:2/x:y),1.0,Quadratic,"[0.012024999999999963, -0.2934349999999978, 7.556349999999966]",0.996897128530554,7,4,4,4,26.0,32.0,y = 0.012025 * x^2 + -0.293435 * x + 7.55635,0.0,,,,,最低不饱和度曲线，无下邻参考曲线
detailed_chain,ECN,GlcCer(d14:0/x:y),0.0,Linear,"[0.41948214285714225, -1.0264285714285588]",0.9998139708923394,4,3,3,3,20.0,26.0,y = 0.419482 * x + -1.02643,0.0,,,,,最低不饱和度曲线，无下邻参考曲线
detailed_chain,ECN,GlcCer(d15:0/x:y),0.0,Linear,"[0.41948214285714225, -0.6069464285714172]",0.9998139708923394,4,3,3,3,19.0,25.0,y = 0.419482 * x + -0.606946,0.0,,,,,最低不饱和度曲线，无下邻参考曲线
detailed_chain,ECN,GlcCer(d16:0/x:y),0.0,Linear,"[0.41948214285714214, -0.1874642857142721]",0.9998139708923394,4,3,3,3,18.0,24.0,y = 0.419482 * x + -0.187464,0.0,,,,,最低不饱和度曲线，无下邻参考曲线
detailed_chain,ECN,GlcCer(d16:1/x:y),1.0,Linear,"[0.40054999999999996, -0.36579999999999835]",0.9993725280366398,6,4,4,4,18.0,24.0,y = 0.40055 * x + -0.3658,0.0,,,,,最低不饱和度曲线，无下邻参考曲线
detailed_chain,ECN,GlcCer(d17:0/x:y),0.0,Linear,"[0.4070699152542374, 0.46538983050847094]",0.9979694403785688,7,5,5,5,17.0,25.0,y = 0.40707 * x + 0.46539,0.0,,,,,最低不饱和度曲线，无下邻参考曲线
detailed_chain,ECN,GlcCer(d17:0/x:y),1.0,Quadratic,"[-0.008786913814955432, 0.7629081388488183, -3.4272003518202077]",0.9993109185082047,19,8,8,7,17.0,25.0,y = -0.00878691 * x^2 + 0.762908 * x + -3.4272,0.0,True,0.0,0.035592562288427,0.0874359930681627,通过
detailed_chain,ECN,GlcCer(d17:0/x:y),2.0,Linear,"[0.3830462184873949, 0.373134453781514]",0.9969254404960268,32,8,8,6,17.0,27.0,y = 0.383046 * x + 0.373134,0.0,True,1.0,0.035592562288427,0.090369077438195,通过
detailed_chain,ECN,GlcCer(d17:0/x:y),3.0,Quadratic,"[0.03149999999999948, -1.112099999999976, 17.510599999999727]",0.9993803670651624,7,4,4,4,22.0,25.0,y = 0.0315 * x^2 + -1.1121 * x + 17.5106,0.0,True,2.0,0.0478481012658219,0.1249146942496092,通过
detailed_chain,ECN,GlcCer(d17:0/x:y),4.0,Linear,"[0.4173191489361704, -0.8958297872340477]",0.999962004931636,5,5,5,4,19.0,28.0,y = 0.417319 * x + -0.89583,0.0,True,3.0,0.048919148936171,0.1172223921688608,通过
detailed_chain,ECN,GlcCer(d17:1/x:y),1.0,Linear,"[0.4245000000000003, -0.44650000000000745]",0.9998873320263816,11,6,6,4,19.0,24.0,y = 0.4245 * x + -0.4465,0.0,,,,,最低不饱和度曲线，无下邻参考曲线
detailed_chain,ECN,GlcCer(d17:1/x:y),2.0,Quadratic,"[0.0709999999999993, -2.929199999999967, 38.38749999999961]",0.9988182552547248,9,5,5,4,21.0,24.0,y = 0.071 * x^2 + -2.9292 * x + 38.3875,0.0,False,1.0,0.1586999999999987,0.3738515901060038,相邻不饱和度曲线斜率差超过阈值
detailed_chain,ECN,GlcCer(d17:1/x:y),4.0,Linear,"[0.40067266187050354, -1.1739460431654667]",0.9997224210471152,5,4,4,4,21.0,29.0,y = 0.400673 * x + -1.17395,0.0,True,3.0,0.012009200332042,0.0299725972717434,通过
detailed_chain,ECN,GlcCer(d18:0/x:y),0.0,Linear,"[0.4168789473684212, 0.6973982456140302]",0.9998642799104576,9,6,6,6,16.0,24.0,y = 0.416879 * x + 0.697398,0.0,,,,,最低不饱和度曲线，无下邻参考曲线
detailed_chain,ECN,GlcCer(d18:0/x:y),1.0,Quadratic,"[-0.05699069179498968, 3.017705929671342, -29.33913766950129]",0.9975999125156748,20,5,5,5,18.0,25.0,y = -0.0569907 * x^2 + 3.01771 * x + -29.3391,0.0,False,0.0,0.207217926913354,0.3320284645742299,相邻不饱和度曲线斜率差超过阈值
detailed_chain,ECN,GlcCer(d18:0/x:y),2.0,Linear,"[0.42952542372881386, -0.1471525423728881]",0.9988257559656916,21,6,6,4,18.0,23.0,y = 0.429525 * x + -0.147153,0.0,False,1.0,0.2515621423479511,0.3693535969200144,相邻不饱和度曲线斜率差超过阈值
detailed_chain,ECN,GlcCer(d18:0/x:y),3.0,Quadratic,"[0.08584422110552786, -3.461402010050263, 43.12209547738708]",0.9925735035128168,8,4,4,4,20.0,25.0,y = 0.0858442 * x^2 + -3.4614 * x + 43.1221,0.0,False,2.0,0.1996259262413787,0.4647592789930289,相邻不饱和度曲线斜率差超过阈值
detailed_chain,ECN,GlcCer(d18:1/x:y),0.0,Linear,"[0.39252467105263167, 0.8462499999999995]",0.995696351435538,32,9,9,7,17.0,25.0,y = 0.392525 * x + 0.84625,0.0,,,,,最低不饱和度曲线，无下邻参考曲线
detailed_chain,ECN,GlcCer(d18:1/x:y),1.0,Linear,"[0.40895543478260865, 0.2795532608695659]",0.9995581507976332,46,10,10,7,16.0,26.0,y = 0.408955 * x + 0.279553,0.0,True,0.0,0.0164307637299769,0.0401773942403069,通过
detailed_chain,ECN,GlcCer(d18:1/x:y),2.0,Quadratic,"[0.041755952380952574, -1.483130952380962, 20.987053571428696]",0.9986712079851268,18,7,7,6,20.0,26.0,y = 0.041756 * x^2 + -1.48313 * x + 20.9871,0.0,False,1.0,0.1268535262206155,0.2898562701303443,相邻不饱和度曲线斜率差超过阈值
detailed_chain,ECN,GlcCer(d18:1/x:y),3.0,Linear,"[0.416109022556391, -0.4499548872180448]",0.9999539106052572,12,6,6,5,18.0,26.0,y = 0.416109 * x + -0.449955,0.0,False,2.0,0.1268535262206155,0.2898562701303443,相邻不饱和度曲线斜率差超过阈值
detailed_chain,ECN,GlcCer(d18:1/x:y),4.0,Linear,"[0.4016250000000004, -0.7962083333333432]",0.9987715120595744,17,6,6,6,20.0,28.0,y = 0.401625 * x + -0.796208,0.0,True,3.0,0.0144840225563905,0.0348082395988606,通过
detailed_chain,ECN,GlcCer(d18:2/x:y),0.0,Quadratic,"[0.0196250000000001, -0.4780500000000044, 9.814800000000046]",0.9990729315569196,15,5,5,4,18.0,24.0,y = 0.019625 * x^2 + -0.47805 * x + 9.8148,0.0,,,,,最低不饱和度曲线，无下邻参考曲线
detailed_chain,ECN,GlcCer(d18:2/x:y),1.0,Quadratic,"[0.07479381443298946, -2.9417319587628765, 37.088876288659684]",0.999784711434734,15,6,6,5,20.0,25.0,y = 0.0747938 * x^2 + -2.94173 * x + 37.0889,0.0,False,0.0,0.1117343077123833,0.2898801601047692,相邻不饱和度曲线斜率差超过阈值
detailed_chain,ECN,GlcCer(d18:2/x:y),2.0,Linear,"[0.39997368421052604, -0.13813157894736428]",0.9977323849004168,11,6,6,5,18.0,26.0,y = 0.399974 * x + -0.138132,0.0,False,1.0,0.189351428944277,0.4465944174774449,相邻不饱和度曲线斜率差超过阈值
detailed_chain,ECN,GlcCer(d18:2/x:y),3.0,Linear,"[0.3956164383561646, -0.660041095890417]",0.99899002736861,13,5,5,5,20.0,27.0,y = 0.395616 * x + -0.660041,0.0,True,2.0,0.0043572458543614,0.0108938313353335,通过
detailed_chain,ECN,GlcCer(d19:0/x:y),0.0,Linear,"[0.41948214285714225, 1.0709821428571527]",0.9998139708923394,4,3,3,3,15.0,21.0,y = 0.419482 * x + 1.07098,0.0,,,,,最低不饱和度曲线，无下邻参考曲线
detailed_chain,ECN,GlcCer(d19:1/x:y),4.0,Linear,"[0.39200000000000024, -0.12400000000000588]",0.999921913636482,7,3,3,3,25.0,27.0,y = 0.392 * x + -0.124,0.0,,,,,最低不饱和度曲线，无下邻参考曲线
detailed_chain,ECN,GlcCer(d20:0/x:y),0.0,Linear,"[0.4191249999999997, 1.494750000000006]",0.9998159129309072,5,4,4,4,14.0,20.0,y = 0.419125 * x + 1.49475,0.0,,,,,最低不饱和度曲线，无下邻参考曲线
detailed_chain,ECN,GlcCer(d20:1/x:y),1.0,Linear,"[0.4212692307692308, 0.8662179487179476]",0.9999985301683202,10,6,6,3,16.0,23.0,y = 0.421269 * x + 0.866218,0.0,,,,,最低不饱和度曲线，无下邻参考曲线
detailed_chain,ECN,GlcCer(d20:1/x:y),3.0,Linear,"[0.41963372093023316, 0.3036802325581256]",0.9999858056097506,5,4,4,3,18.0,25.0,y = 0.419634 * x + 0.30368,0.0,True,1.0,0.0016355098389976,0.0038823387029981,通过
detailed_chain,ECN,GlcCer(d20:1/x:y),4.0,Linear,"[0.39472164948453664, 0.1827577319587501]",0.9995735994292632,8,5,5,5,18.0,26.0,y = 0.394722 * x + 0.182758,0.0,True,3.0,0.0249120714456965,0.0593662286969504,通过
detailed_chain,ECN,GlcCer(d20:2/x:y),0.0,Linear,"[0.35203010033444815, 1.950170568561874]",0.9985268327956236,7,5,5,4,14.0,24.0,y = 0.35203 * x + 1.95017,0.0,,,,,最低不饱和度曲线，无下邻参考曲线
detailed_chain,ECN,GlcCer(d20:2/x:y),2.0,Linear,"[0.41570689655172444, 0.38559482758620156]",0.9999997987409918,9,4,4,4,18.0,25.0,y = 0.415707 * x + 0.385595,0.0,True,0.0,0.0636767962172762,0.1531771465555979,通过
detailed_chain,ECN,GlcCer(d20:2/x:y),3.0,Linear,"[0.4038250000000001, -0.05005833333333598]",0.9992329214266829,14,6,6,6,18.0,26.0,y = 0.403825 * x + -0.0500583,0.0,True,2.0,0.0118818965517243,0.0285823897805985,通过
detailed_chain,ECN,GlcCer(d21:0/x:y),0.0,Linear,"[0.4194821428571425, 1.9099464285714332]",0.9998139708923394,4,3,3,3,13.0,19.0,y = 0.419482 * x + 1.90995,0.0,,,,,最低不饱和度曲线，无下邻参考曲线
detailed_chain,ECN,GlcCer(d22:0/x:y),0.0,Linear,"[0.4194821428571425, 2.3294285714285756]",0.9998139708923394,4,3,3,3,12.0,18.0,y = 0.419482 * x + 2.32943,0.0,,,,,最低不饱和度曲线，无下邻参考曲线
detailed_chain,ECN,GlcCer(d23:0/x:y),0.0,Linear,"[0.4190267175572518, 2.754480916030535]",0.999892163677623,5,4,4,4,11.0,18.0,y = 0.419027 * x + 2.75448,0.0,,,,,最低不饱和度曲线，无下邻参考曲线
detailed_chain,ECN,GlcCer(d24:1/x:y),0.0,Linear,"[0.4029999999999995, 2.7233333333333416]",0.9991797008779252,7,3,3,3,16.0,18.0,y = 0.403 * x + 2.72333,0.0,,,,,最低不饱和度曲线，无下邻参考曲线
detailed_chain,ECN,GlcCer(d24:3/x:y),2.0,Linear,"[0.401, 1.6110000000000007]",0.9992717572710668,3,3,3,3,14.0,22.0,y = 0.401 * x + 1.611,0.0,,,,,最低不饱和度曲线，无下邻参考曲线
detailed_chain,ECN,GlcCer(m16:0/x:y),2.0,Linear,"[0.3683846153846151, -0.8295384615384549]",0.9999308077900576,4,4,4,3,18.0,26.0,y = 0.368385 * x + -0.829538,0.0,,,,,最低不饱和度曲线，无下邻参考曲线
detailed_chain,ECN,GlcCer(m16:1/x:y),1.0,Linear,"[0.4124400000000005, -0.3762400000000099]",0.9998436144445744,11,5,5,5,17.0,25.0,y = 0.41244 * x + -0.37624,0.0,,,,,最低不饱和度曲线，无下邻参考曲线
detailed_chain,ECN,GlcCer(m16:2/x:y),0.0,Linear,"[0.4007317073170732, -0.08802613240418289]",0.9980320377661572,23,7,7,7,16.0,26.0,y = 0.400732 * x + -0.0880261,0.0,,,,,最低不饱和度曲线，无下邻参考曲线
detailed_chain,ECN,GlcCer(m17:1/x:y),1.0,Linear,"[0.4060156124899922, 0.19220496397117337]",0.9992370322919712,59,12,12,10,15.0,27.0,y = 0.406016 * x + 0.192205,0.0,,,,,最低不饱和度曲线，无下邻参考曲线
detailed_chain,ECN,GlcCer(m17:1/x:y),2.0,Linear,"[0.39434210526315766, -0.21033552631578267]",0.9993862954269036,33,7,7,4,19.0,27.0,y = 0.394342 * x + -0.210336,0.0,True,1.0,0.0116735072268345,0.0287513752371339,通过
detailed_chain,ECN,GlcCer(m17:2/x:y),0.0,Linear,"[0.41085000000000027, 0.07739999999999547]",0.9999265002639356,18,9,9,5,16.0,24.0,y = 0.41085 * x + 0.0774,0.0,,,,,最低不饱和度曲线，无下邻参考曲线
detailed_chain,ECN,GlcCer(m17:2/x:y),1.0,Linear,"[0.3442500000000001, -0.4665833333333378]",0.9997846953359912,23,7,7,3,23.0,27.0,y = 0.34425 * x + -0.466583,0.0,,0.0,,,重叠碳数范围不足，无法判断
detailed_chain,ECN,GlcCer(m18:1/x:y),1.0,Linear,"[0.4042089728453364, 0.6473559622195992]",0.9993844397262608,43,10,10,8,14.0,26.0,y = 0.404209 * x + 0.647356,0.0,,,,,最低不饱和度曲线，无下邻参考曲线
detailed_chain,ECN,GlcCer(m18:1/x:y),2.0,Quadratic,"[-0.013882504841833489, 1.0744928986442888, -8.149975145255027]",0.9999472789538006,23,6,6,4,18.0,25.0,y = -0.0138825 * x^2 + 1.07449 * x + -8.14998,0.0,True,1.0,0.0733362176001123,0.1535691680439816,通过
detailed_chain,ECN,GlcCer(m18:2/x:y),0.0,Linear,"[0.4060864833906071, 0.5912686139748011]",0.9994274159726638,69,13,13,11,14.0,26.0,y = 0.406086 * x + 0.591269,0.0,,,,,最低不饱和度曲线，无下邻参考曲线
detailed_chain,ECN,GlcCer(m19:2/x:y),0.0,Linear,"[0.41470000000000007, 0.8332499999999996]",0.9998454747813325,11,7,7,4,16.0,24.0,y = 0.4147 * x + 0.83325,0.0,,,,,最低不饱和度曲线，无下邻参考曲线
detailed_chain,ECN,GlcCer(m20:2/x:y),0.0,Linear,"[0.4160588737201362, 1.1984906143344762]",0.9998645881970016,21,8,8,7,14.0,24.0,y = 0.416059 * x + 1.19849,0.0,,,,,最低不饱和度曲线，无下邻参考曲线
detailed_chain,ECN,GlcCer(m20:3/x:y),0.0,Linear,"[0.3605000000000005, 0.11849999999999117]",0.9999480637392568,5,4,4,3,18.0,22.0,y = 0.3605 * x + 0.1185,0.0,,,,,最低不饱和度曲线，无下邻参考曲线
detailed_chain,ECN,GlcCer(t18:0/x:y),0.0,Quadratic,"[0.02173127824402832, -0.5276252420916684, 10.196688347320812]",0.9999380036475956,5,4,4,4,18.0,25.0,y = 0.0217313 * x^2 + -0.527625 * x + 10.1967,0.0,,,,,最低不饱和度曲线，无下邻参考曲线
detailed_chain,ECN,GlcCer(t18:0/x:y),1.0,Linear,"[0.39012500000000017, 0.5962499999999942]",0.9934618195420504,12,4,4,4,18.0,24.0,y = 0.390125 * x + 0.59625,0.0,True,0.0,0.0660190731464151,0.1692254358126629,通过
detailed_chain,ECN,GlcCer(t18:0/x:y),4.0,Linear,"[0.4303362068965524, -1.0262672413793243]",0.9986298961337556,13,5,5,5,20.0,26.0,y = 0.430336 * x + -1.02627,0.0,True,1.0,0.0402112068965522,0.0934413750275456,通过
detailed_chain,ECN,GlcCer(t18:1/x:y),0.0,Linear,"[0.3806071428571432, 0.7537142857142776]",0.9999416525744764,6,3,3,3,18.0,24.0,y = 0.380607 * x + 0.753714,0.0,,,,,最低不饱和度曲线，无下邻参考曲线
detailed_chain,ECN,GlcCer(t18:1/x:y),4.0,Linear,"[0.42317142857142864, -1.5536571428571442]",0.998740025067557,4,4,4,4,22.0,26.0,y = 0.423171 * x + -1.55366,0.0,True,0.0,0.0425642857142854,0.1005840253865363,通过
detailed_chain,ECN,GlcCer(t20:0/x:y),1.0,Linear,"[0.39244642857142853, 1.3126428571428566]",0.9978205532099764,5,4,4,3,18.0,24.0,y = 0.392446 * x + 1.31264,0.0,,,,,最低不饱和度曲线，无下邻参考曲线
detailed_chain,ECN,GlcCer(t20:1/x:y),0.0,Linear,"[0.47924999999999973, -0.3078333333333294]",0.9972926192870368,4,4,4,3,16.0,20.0,y = 0.47925 * x + -0.307833,0.0,,,,,最低不饱和度曲线，无下邻参考曲线
detailed_chain,ECN,SM(d16:1/x:y),0.0,Linear,"[0.36623684210526314, 0.45794736842105266]",0.9979067764634214,4,4,4,3,16.0,26.0,y = 0.366237 * x + 0.457947,0.0,,,,,最低不饱和度曲线，无下邻参考曲线
detailed_chain,ECN,SM(d16:1/x:y),3.0,Linear,"[0.3945000000000001, -0.8675000000000024]",0.9983828614318064,3,3,3,3,18.0,24.0,y = 0.3945 * x + -0.8675,0.0,True,0.0,0.0282631578947369,0.0716429857914751,通过
detailed_chain,ECN,SM(d17:0/x:y),4.0,Linear,"[0.4270285714285718, -1.2115285714285804]",0.9978511604014249,8,6,6,6,21.0,27.0,y = 0.427029 * x + -1.21153,0.0,,,,,最低不饱和度曲线，无下邻参考曲线
detailed_chain,ECN,SM(d17:1/x:y),0.0,Linear,"[0.41293269230769264, 0.006557692307683993]",0.9999903556424592,6,5,5,3,16.0,24.0,y = 0.412933 * x + 0.00655769,0.0,,,,,最低不饱和度曲线，无下邻参考曲线
detailed_chain,ECN,SM(d18:0/x:y),0.0,Linear,"[0.4213392857142855, 0.5555000000000039]",0.9999471884706564,7,3,3,3,16.0,22.0,y = 0.421339 * x + 0.5555,0.0,,,,,最低不饱和度曲线，无下邻参考曲线
detailed_chain,ECN,SM(d18:0/x:y),1.0,Linear,"[0.4315360824742271, -0.08988659793815224]",0.9981387264915847,12,6,6,5,18.0,25.0,y = 0.431536 * x + -0.0898866,0.0,True,0.0,0.0101967967599415,0.0236290710651074,通过
detailed_chain,ECN,SM(d18:0/x:y),4.0,Linear,"[0.40640000000000004, -0.32170000000000165]",0.9996822897893604,7,4,4,4,20.0,26.0,y = 0.4064 * x + -0.3217,0.0,True,1.0,0.025136082474227,0.0582479275663542,通过
detailed_chain,ECN,SM(d18:1/x:y),0.0,Linear,"[0.4023481308411215, 0.5709649532710266]",0.997330928973472,27,9,9,9,14.0,25.0,y = 0.402348 * x + 0.570965,0.0,,,,,最低不饱和度曲线，无下邻参考曲线
detailed_chain,ECN,SM(d18:1/x:y),1.0,Linear,"[0.38882061068702284, 0.23140076335877957]",0.9970442604213332,19,7,7,7,16.0,26.0,y = 0.388821 * x + 0.231401,0.0,True,0.0,0.0135275201540986,0.0336214315841829,通过
detailed_chain,ECN,SM(d18:1/x:y),2.0,Linear,"[0.3828714285714287, -0.21144285714286148]",0.9995078753969794,5,4,4,4,23.0,27.0,y = 0.382871 * x + -0.211443,0.0,True,1.0,0.0059491821155941,0.0153005832306119,通过
detailed_chain,ECN,SM(d18:1/x:y),3.0,Linear,"[0.4085792988313857, -0.3477971619365636]",0.9989360232420856,26,8,8,8,17.0,26.0,y = 0.408579 * x + -0.347797,0.0,True,2.0,0.025707870259957,0.0629201487532197,通过
detailed_chain,ECN,SM(d18:1/x:y),4.0,Linear,"[0.38625000000000004, -0.5]",0.9998929828304046,14,5,5,5,18.0,27.0,y = 0.38625 * x + -0.5,0.0,True,3.0,0.0223292988313856,0.0546510772700714,通过
detailed_chain,ECN,SM(d18:2/x:y),0.0,Linear,"[0.4053234767025089, -0.0668602150537616]",0.9985900839680456,12,7,7,7,16.0,26.0,y = 0.405323 * x + -0.0668602,0.0,,,,,最低不饱和度曲线，无下邻参考曲线
detailed_chain,ECN,SM(d18:2/x:y),2.0,Linear,"[0.40875166444740385, -0.3475026631158542]",0.998568088860123,17,9,9,8,16.0,26.0,y = 0.408752 * x + -0.347503,0.0,True,0.0,0.0034281877448949,0.0083869695051384,通过
detailed_chain,ECN,SM(d18:2/x:y),3.0,Linear,"[0.3945833333333334, -0.666716666666666]",0.998433547409588,11,6,6,5,18.0,27.0,y = 0.394583 * x + -0.666717,0.0,True,2.0,0.0141683311140704,0.0346624426183677,通过
detailed_chain,ECN,SM(d19:0/x:y),0.0,Linear,"[0.4206071428571427, 0.9866071428571459]",0.9996834187904868,3,3,3,3,15.0,21.0,y = 0.420607 * x + 0.986607,0.0,,,,,最低不饱和度曲线，无下邻参考曲线
detailed_chain,ECN,SM(d19:1/x:y),0.0,Linear,"[0.4144363057324842, 0.7592866242038205]",0.9998211724068068,9,5,5,5,15.0,24.0,y = 0.414436 * x + 0.759287,0.0,,,,,最低不饱和度曲线，无下邻参考曲线
detailed_chain,ECN,SM(d19:1/x:y),3.0,Linear,"[0.4201396648044696, -0.2142178770949812]",0.9982777381340314,5,4,4,4,17.0,25.0,y = 0.42014 * x + -0.214218,0.0,True,0.0,0.0057033590719854,0.0135749122250567,通过
detailed_chain,ECN,SM(d20:1/x:y),0.0,Linear,"[0.4327931034482757, 0.7940344827586223]",0.9994934883495435,6,5,5,4,16.0,23.0,y = 0.432793 * x + 0.794034,0.0,,,,,最低不饱和度曲线，无下邻参考曲线
detailed_chain,ECN,SM(d20:1/x:y),1.0,Linear,"[0.3629000000000002, 1.6491999999999942]",0.9983005686754,6,4,4,4,20.0,24.0,y = 0.3629 * x + 1.6492,0.0,True,0.0,0.0698931034482754,0.1614931081188741,通过
detailed_chain,ECN,SM(d20:1/x:y),3.0,Linear,"[0.40404120879120875, 0.5887719780219767]",0.9997431545636994,6,3,3,3,14.0,24.0,y = 0.404041 * x + 0.588772,0.0,True,1.0,0.0411412087912085,0.1018242889488744,通过
detailed_chain,ECN,SM(d20:2/x:y),2.0,Linear,"[0.4115192307692307, 0.42196153846153894]",0.9991843021635588,8,3,3,3,16.0,24.0,y = 0.411519 * x + 0.421962,0.0,,,,,最低不饱和度曲线，无下邻参考曲线
detailed_chain,ECN,SM(d22:1/x:y),1.0,Linear,"[0.3364999999999999, 2.7688333333333333]",0.9991499643735068,7,3,3,3,19.0,21.0,y = 0.3365 * x + 2.76883,0.0,,,,,最低不饱和度曲线，无下邻参考曲线
detailed_chain,ECN,SM(d26:3/x:y),2.0,Linear,"[0.39003571428571493, 2.5250357142857025]",0.9963619928816916,4,3,3,3,16.0,19.0,y = 0.390036 * x + 2.52504,0.0,,,,,最低不饱和度曲线，无下邻参考曲线
detailed_chain,ECN,Sa(dx:y),0.0,Linear,"[0.22368562874251502, -0.09264970059880273]",0.99893141896312,26,10,10,5,16.0,25.0,y = 0.223686 * x + -0.0926497,0.0,,,,,最低不饱和度曲线，无下邻参考曲线
detailed_chain,ECN,Sa(mx:y),0.0,Quadratic,"[-0.0017221908725399558, 0.17183416801861934, 1.5101820201735388]",0.9902244923182398,19,8,8,6,12.0,22.0,y = -0.00172219 * x^2 + 0.171834 * x + 1.51018,0.0,,,,,最低不饱和度曲线，无下邻参考曲线
detailed_chain,ECN,Sa(tx:y),0.0,Quadratic,"[0.011345779220779261, -0.3207126623376638, 5.630827922077936]",0.9963738140835748,11,6,6,5,14.0,24.0,y = 0.0113458 * x^2 + -0.320713 * x + 5.63083,0.0,,,,,最低不饱和度曲线，无下邻参考曲线
detailed_chain,ECN,So(mx:y),1.0,Linear,"[0.21720652173913033, 1.347641304347829]",0.995186425906226,15,7,7,5,14.0,22.0,y = 0.217207 * x + 1.34764,0.0,,,,,最低不饱和度曲线，无下邻参考曲线
detailed_chain,IUP,Cer(d14:0/x:y),0.0,Linear,"[0.42765677966101706, -0.3096525423728842]",0.9995280738347676,28,7,7,4,18.0,28.0,y = 0.427657 * x + -0.309653,-0.0,,,,,最低不饱和度曲线，无下邻参考曲线
detailed_chain,IUP,Cer(d14:0/x:y)(2OH),0.0,Linear,"[0.4424425675675675, -1.827783783783783]",0.9988720202096668,30,9,9,5,22.0,32.0,y = 0.442443 * x + -1.82778,-0.0,,,,,最低不饱和度曲线，无下邻参考曲线
detailed_chain,IUP,Cer(d14:1/x:y)(2OH),0.0,Linear,"[0.5960000000000016, -6.576333333333379]",0.999996246429416,14,3,3,3,26.0,28.0,y = 0.596 * x + -6.57633,-0.0,,,,,最低不饱和度曲线，无下邻参考曲线
detailed_chain,IUP,Cer(d15:0/x:y),0.0,Linear,"[0.42776315789473707, 0.11036842105262679]",0.9993924540620736,30,8,8,5,18.0,27.0,y = 0.427763 * x + 0.110368,-0.0,,,,,最低不饱和度曲线，无下邻参考曲线
detailed_chain,IUP,Cer(d15:0/x:y)(2OH),0.0,Linear,"[0.43490217391304337, -1.2071413043478234]",0.9989768701705096,31,10,10,6,21.0,33.0,y = 0.434902 * x + -1.20714,-0.0,,,,,最低不饱和度曲线，无下邻参考曲线
detailed_chain,IUP,Cer(d16:0/x:y),0.0,Linear,"[0.4472263157894737, 0.18974210526315716]",0.9970880841417584,39,9,9,9,16.0,26.0,y = 0.447226 * x + 0.189742,-0.0,,,,,最低不饱和度曲线，无下邻参考曲线
detailed_chain,IUP,Cer(d16:0/x:y),1.0,Linear,"[0.43240384615384625, 0.1204461538461512]",0.999695404854248,8,3,3,3,18.0,26.0,y = 0.432404 * x + 0.120446,-0.0,True,0.0,0.0148224696356274,0.0331431069959777,通过
detailed_chain,IUP,Cer(d16:0/x:y)(2OH),0.0,Linear,"[0.39411970074812963, 0.61998753117207]",0.998977754232876,32,9,9,6,19.0,30.0,y = 0.39412 * x + 0.619988,-0.0,,,,,最低不饱和度曲线，无下邻参考曲线
detailed_chain,IUP,Cer(d16:0/x:y)(2OH),1.0,Linear,"[0.18049999999999988, 4.543000000000004]",0.9981388437854232,17,3,3,3,24.0,32.0,y = 0.1805 * x + 4.543,-0.0,False,0.0,0.2136197007481297,0.5420173118538113,相邻不饱和度曲线斜率差超过阈值
detailed_chain,IUP,Cer(d16:1/x:y),0.0,Linear,"[0.4327542372881359, 0.10975423728812927]",0.9997959620206592,12,6,6,5,18.0,26.0,y = 0.432754 * x + 0.109754,-0.0,,,,,最低不饱和度曲线，无下邻参考曲线
detailed_chain,IUP,Cer(d16:1/x:y),1.0,Linear,"[0.42662857142857136, -0.9234857142857145]",0.999734127173444,12,6,6,4,20.0,24.0,y = 0.426629 * x + -0.923486,-0.0,True,0.0,0.0061256658595645,0.0141550684701579,通过
detailed_chain,IUP,Cer(d17:0/x:y),0.0,Linear,"[0.428556629834254, 0.9413121546961332]",0.9995755656102484,40,10,10,7,15.0,25.0,y = 0.428557 * x + 0.941312,-0.0,,,,,最低不饱和度曲线，无下邻参考曲线
detailed_chain,IUP,Cer(d17:0/x:y),1.0,Linear,"[0.4172499999999988, -0.06208333333330529]",0.9998850154421508,27,7,7,3,21.0,25.0,y = 0.41725 * x + -0.0620833,-0.0,True,0.0,0.0113066298342552,0.0263830472967554,通过
detailed_chain,IUP,Cer(d17:0/x:y),2.0,Quadratic,"[-0.007398984593837595, 0.7210603991596672, -3.414422969187722]",0.9965628839088014,39,9,9,8,19.0,27.0,y = -0.00739898 * x^2 + 0.72106 * x + -3.41442,-0.0,True,1.0,0.0365428921568609,0.0875803287162637,通过
detailed_chain,IUP,Cer(d17:0/x:y),3.0,Linear,"[0.40507142857142864, -0.7395714285714305]",0.9995763394569128,14,6,6,6,21.0,27.0,y = 0.405071 * x + -0.739571,-0.0,True,2.0,0.0391622899159659,0.0966799609986816,通过
detailed_chain,IUP,Cer(d17:0/x:y)(2OH),0.0,Linear,"[0.4089042904290429, 0.6214752475247511]",0.998124415271636,34,10,10,8,17.0,29.0,y = 0.408904 * x + 0.621475,-0.0,,,,,最低不饱和度曲线，无下邻参考曲线
detailed_chain,IUP,Cer(d17:0/x:y)(2OH),1.0,Quadratic,"[-0.02008225231160686, 1.2285336233727866, -8.453213599291162]",0.9979697955748816,23,6,6,5,19.0,31.0,y = -0.0200823 * x^2 + 1.22853 * x + -8.45321,-0.0,False,0.0,0.1443187780133856,0.3529402390519285,相邻不饱和度曲线斜率差超过阈值
detailed_chain,IUP,Cer(d17:1/x:y),0.0,Linear,"[0.42968387096774197, 0.5992838709677439]",0.9997095088577104,21,5,5,4,17.0,25.0,y = 0.429684 * x + 0.599284,-0.0,,,,,最低不饱和度曲线，无下邻参考曲线
detailed_chain,IUP,Cer(d17:1/x:y),1.0,Linear,"[0.4023714285714295, -0.4179428571428794]",0.999768843873308,13,6,6,4,23.0,27.0,y = 0.402371 * x + -0.417943,-0.0,True,0.0,0.0273124423963124,0.0635640391499892,通过
detailed_chain,IUP,Cer(d17:1/x:y),2.0,Linear,"[0.3853975903614455, -0.2607951807228872]",0.9998762428182666,16,5,5,4,19.0,25.0,y = 0.385398 * x + -0.260795,-0.0,True,1.0,0.0169738382099839,0.0421845016934913,通过
detailed_chain,IUP,Cer(d17:1/x:y)(2OH),0.0,Linear,"[0.5960000000000016, -4.788333333333373]",0.999996246429416,17,5,5,3,23.0,25.0,y = 0.596 * x + -4.78833,-0.0,,,,,最低不饱和度曲线，无下邻参考曲线
detailed_chain,IUP,Cer(d17:2/x:y),0.0,Linear,"[0.4193013698630135, -0.35041095890410645]",0.999989374769332,9,6,6,5,19.0,26.0,y = 0.419301 * x + -0.350411,-0.0,,,,,最低不饱和度曲线，无下邻参考曲线
detailed_chain,IUP,Cer(d18:0/x:y),0.0,Linear,"[0.4259295081967213, 1.4190245901639322]",0.9988519720656376,60,11,10,10,14.0,26.0,y = 0.42593 * x + 1.41902,-0.0,,,,,最低不饱和度曲线，无下邻参考曲线
detailed_chain,IUP,Cer(d18:0/x:y),1.0,Linear,"[0.4297684210526316, 1.0295236842105258]",0.9997895066114116,28,6,6,6,16.0,25.0,y = 0.429768 * x + 1.02952,-0.0,True,0.0,0.0038389128559102,0.0089325149728488,通过
detailed_chain,IUP,Cer(d18:0/x:y),2.0,Linear,"[0.41625, 0.12841666666666463]",0.999793589914974,29,7,6,6,18.0,24.0,y = 0.41625 * x + 0.128417,-0.0,True,1.0,0.0135184210526315,0.0314551288331536,通过
detailed_chain,IUP,Cer(d18:0/x:y),3.0,Linear,"[0.41680000000000034, -0.6048000000000098]",0.99974586571397,10,5,5,4,22.0,25.0,y = 0.4168 * x + -0.6048,-0.0,True,2.0,0.0005500000000003,0.0013195777351255,通过
detailed_chain,IUP,Cer(d18:0/x:y)(2OH),0.0,Linear,"[0.3937194244604317, 1.4185107913669075]",0.999210490990216,42,10,10,7,17.0,28.0,y = 0.393719 * x + 1.41851,-0.0,,,,,最低不饱和度曲线，无下邻参考曲线
detailed_chain,IUP,Cer(d18:0/x:y)(2OH),1.0,Linear,"[0.37586746987951797, 0.9071325301204851]",0.9966381732671696,23,5,5,4,18.0,24.0,y = 0.375867 * x + 0.907133,-0.0,True,0.0,0.0178519545809137,0.0453418182386574,通过
detailed_chain,IUP,Cer(d18:1/x:y),0.0,Linear,"[0.42921018276762407, 1.042236292428198]",0.9998755224404068,31,8,7,7,14.0,25.0,y = 0.42921 * x + 1.04224,-0.0,,,,,最低不饱和度曲线，无下邻参考曲线
detailed_chain,IUP,Cer(d18:1/x:y),1.0,Linear,"[0.417241666666667, 0.22500977011493473]",0.9998490960207158,56,11,9,9,18.0,26.0,y = 0.417242 * x + 0.22501,0.119826436781609,True,0.0,0.011968516100957,0.0278849770613127,通过
detailed_chain,IUP,Cer(d18:1/x:y),3.0,Linear,"[0.431155172413793, -0.0567413793103409]",0.9990709623313884,16,9,9,8,18.0,27.0,y = 0.431155 * x + -0.0567414,-0.2,True,2.0,0.025619458128078,0.0594205051157086,通过
detailed_chain,IUP,Cer(d18:1/x:y),4.0,Linear,"[0.43232530120481955, -0.4759759036144633]",0.999827130088948,4,4,4,4,20.0,26.0,y = 0.432325 * x + -0.475976,-0.0,True,3.0,0.0011701287910265,0.0027065933632975,通过
detailed_chain,IUP,Cer(d18:1/x:y)(2OH),0.0,Quadratic,"[-0.0210447922819452, 1.2331194132703256, -7.726255759007643]",0.9999014977850323,25,6,6,4,18.0,30.0,y = -0.0210448 * x^2 + 1.23312 * x + -7.72626,-0.0,,,,,最低不饱和度曲线，无下邻参考曲线
detailed_chain,IUP,Cer(d18:2/x:y),0.0,Linear,"[0.4177080838323352, 0.18946338357767556]",0.9997990490559208,37,8,7,7,18.0,26.0,y = 0.417708 * x + 0.189463,0.0955172757932445,,,,,最低不饱和度曲线，无下邻参考曲线
detailed_chain,IUP,Cer(d18:2/x:y),2.0,Linear,"[0.4268045977011493, 0.0329540229885083]",0.9978584297298252,11,7,7,7,18.0,26.0,y = 0.426805 * x + 0.032954,-0.2,True,1.0,0.0140331691297205,0.0328796109632039,通过
detailed_chain,IUP,Cer(d18:2/x:y),3.0,Linear,"[0.42385714285714277, -0.2954999999999952]",0.999611970124446,4,3,3,3,20.0,26.0,y = 0.423857 * x + -0.2955,-0.0,True,2.0,0.0029474548440065,0.0069058647912466,通过
detailed_chain,IUP,Cer(d19:0/x:y),0.0,Linear,"[0.4304500000000003, 1.8036499999999958]",0.9981276487763264,32,7,7,5,15.0,23.0,y = 0.43045 * x + 1.80365,-0.0,,,,,最低不饱和度曲线，无下邻参考曲线
detailed_chain,IUP,Cer(d19:0/x:y)(2OH),0.0,Linear,"[0.4241337920489296, 0.7245183486238549]",0.9991592733719964,33,11,11,7,17.0,29.0,y = 0.424134 * x + 0.724518,-0.0,,,,,最低不饱和度曲线，无下邻参考曲线
detailed_chain,IUP,Cer(d19:1/x:y),0.0,Linear,"[0.41250000000000214, 1.8494999999999493]",0.9999955923059292,7,4,4,3,22.0,24.0,y = 0.4125 * x + 1.8495,-0.0,,,,,最低不饱和度曲线，无下邻参考曲线
detailed_chain,IUP,Cer(d19:1/x:y),1.0,Linear,"[0.413232876712329, 0.6253835616438312]",0.9991300367968924,9,5,5,5,18.0,25.0,y = 0.413233 * x + 0.625384,-0.0,True,0.0,0.0007328767123268,0.0017735198567877,通过
detailed_chain,IUP,Cer(d19:1/x:y),2.0,Linear,"[0.41721428571428665, -0.20007142857145155]",0.999067999082143,6,4,4,3,22.0,25.0,y = 0.417214 * x + -0.200071,-0.0,True,1.0,0.0039814090019576,0.0095428395869554,通过
detailed_chain,IUP,Cer(d19:1/x:y)(2OH),0.0,Linear,"[0.38066867469879495, 1.180000000000005]",0.9992652503349748,8,6,6,4,17.0,23.0,y = 0.380669 * x + 1.18,-0.0,,,,,最低不饱和度曲线，无下邻参考曲线
detailed_chain,IUP,Cer(d19:2/x:y),1.0,Linear,"[0.4095000000000002, -0.04350000000000698]",0.9992447129909364,3,3,3,3,22.0,24.0,y = 0.4095 * x + -0.0435,-0.0,,,,,最低不饱和度曲线，无下邻参考曲线
detailed_chain,IUP,Cer(d20:0/x:y),0.0,Linear,"[0.4008622782446315, 2.7229808590102635]",0.9983338897382844,44,9,8,8,14.0,26.0,y = 0.400862 * x + 2.72298,-0.0,,,,,最低不饱和度曲线，无下邻参考曲线
detailed_chain,IUP,Cer(d20:0/x:y)(2OH),0.0,Linear,"[0.3857620320855615, 2.3616978609625665]",0.998640003076609,32,10,10,7,15.0,28.0,y = 0.385762 * x + 2.3617,-0.0,,,,,最低不饱和度曲线，无下邻参考曲线
detailed_chain,IUP,Cer(d20:1/x:y),0.0,Linear,"[0.4273013698630139, 1.9384520547945172]",0.9997130072936042,24,6,5,5,16.0,23.0,y = 0.427301 * x + 1.93845,-0.0,,,,,最低不饱和度曲线，无下邻参考曲线
detailed_chain,IUP,Cer(d20:1/x:y),1.0,Linear,"[0.4148250000000003, 0.9730999999999952]",0.9999149485775736,27,10,5,5,16.0,24.0,y = 0.414825 * x + 0.9731,-0.0,True,0.0,0.0124763698630136,0.0291980572564356,通过
detailed_chain,IUP,Cer(d20:1/x:y),2.0,Linear,"[0.4115500000000003, 0.3541999999999934]",0.9997872904807916,11,6,6,4,18.0,24.0,y = 0.41155 * x + 0.3542,-0.0,True,1.0,0.0032749999999999,0.0078948954378351,通过
detailed_chain,IUP,Cer(d20:1/x:y)(2OH),0.0,Linear,"[0.1811346153846152, 5.256192307692312]",0.9999999661848245,21,5,5,3,20.0,28.0,y = 0.181135 * x + 5.25619,-0.0,,,,,最低不饱和度曲线，无下邻参考曲线
detailed_chain,IUP,Cer(d20:2/x:y),0.0,Quadratic,"[0.06652763819095502, -2.505195979899508, 32.4892110552765]",0.9999789961766844,7,4,4,4,19.0,24.0,y = 0.0665276 * x^2 + -2.5052 * x + 32.4892,-0.0,,,,,最低不饱和度曲线，无下邻参考曲线
detailed_chain,IUP,Cer(d20:2/x:y),1.0,Linear,"[0.41250602409638587, 0.3434939759036073]",0.9999502447742484,6,5,5,4,18.0,24.0,y = 0.412506 * x + 0.343494,-0.0,False,0.0,0.1684244004834303,0.4082956142334454,相邻不饱和度曲线斜率差超过阈值
detailed_chain,IUP,Cer(d21:0/x:y),0.0,Linear,"[0.40009698275862077, 3.143579741379309]",0.9982726771553764,30,8,8,5,13.0,25.0,y = 0.400097 * x + 3.14358,-0.0,,,,,最低不饱和度曲线，无下邻参考曲线
detailed_chain,IUP,Cer(d21:0/x:y)(2OH),0.0,Linear,"[0.43516614906832274, 1.3959829192546636]",0.9989932619131806,31,10,10,6,15.0,27.0,y = 0.435166 * x + 1.39598,-0.0,,,,,最低不饱和度曲线，无下邻参考曲线
detailed_chain,IUP,Cer(d22:0/x:y),0.0,Linear,"[0.4529341317365272, 2.269784431137719]",0.9976412039655784,41,9,9,6,14.0,24.0,y = 0.452934 * x + 2.26978,-0.0,,,,,最低不饱和度曲线，无下邻参考曲线
detailed_chain,IUP,Cer(d22:0/x:y)(2OH),0.0,Linear,"[0.442814189189189, 1.7039189189189212]",0.9989219298884798,30,10,10,5,14.0,24.0,y = 0.442814 * x + 1.70392,-0.0,,,,,最低不饱和度曲线，无下邻参考曲线
detailed_chain,IUP,Cer(d23:0/x:y),0.0,Linear,"[0.4187064516129037, 3.6877483870967662]",0.9998237073238728,27,6,6,4,11.0,19.0,y = 0.418706 * x + 3.68775,-0.0,,,,,最低不饱和度曲线，无下邻参考曲线
detailed_chain,IUP,Cer(d23:0/x:y)(2OH),0.0,Linear,"[0.424003571428571, 2.420267857142866]",0.99916194514632,30,11,11,6,13.0,25.0,y = 0.424004 * x + 2.42027,-0.0,,,,,最低不饱和度曲线，无下邻参考曲线
detailed_chain,IUP,Cer(d24:0/x:y),0.0,Linear,"[0.34572891566265085, 5.437072289156624]",0.9981472850228283,22,6,6,4,16.0,22.0,y = 0.345729 * x + 5.43707,-0.0,,,,,最低不饱和度曲线，无下邻参考曲线
detailed_chain,IUP,Cer(d24:0/x:y)(2OH),0.0,Quadratic,"[-0.0022709721903010575, 0.498642381061824, 2.6537281084808173]",0.9998386208752278,13,7,7,5,12.0,19.0,y = -0.00227097 * x^2 + 0.498642 * x + 2.65373,-0.0,,,,,最低不饱和度曲线，无下邻参考曲线
detailed_chain,IUP,Cer(d24:1/x:y),1.0,Linear,"[0.42199999999999965, 2.512000000000006]",0.997161111142219,9,3,3,3,18.0,20.0,y = 0.422 * x + 2.512,-0.0,,,,,最低不饱和度曲线，无下邻参考曲线
detailed_chain,IUP,Cer(d26:0/x:y),0.0,Linear,"[0.3356500000000008, 6.325199999999986]",0.999006720916532,9,5,5,4,14.0,20.0,y = 0.33565 * x + 6.3252,-0.0,,,,,最低不饱和度曲线，无下邻参考曲线
detailed_chain,IUP,Cer(d26:0/x:y)(2OH),0.0,Linear,"[0.3613103448275861, 5.153827586206896]",0.998929722872378,5,5,5,5,16.0,22.0,y = 0.36131 * x + 5.15383,-0.0,,,,,最低不饱和度曲线，无下邻参考曲线
detailed_chain,IUP,Cer(m14:0/x:y),0.0,Linear,"[0.3848561643835618, 1.40321232876712]",0.9999715620357206,5,4,4,3,19.0,28.0,y = 0.384856 * x + 1.40321,-0.0,,,,,最低不饱和度曲线，无下邻参考曲线
detailed_chain,IUP,Cer(m14:0/x:y),2.0,Linear,"[0.37888461538461576, 0.7278153846153721]",0.999997713577285,5,5,5,3,28.0,36.0,y = 0.378885 * x + 0.727815,-0.0,,0.0,,,重叠碳数范围不足，无法判断
detailed_chain,IUP,Cer(m14:2/x:y),0.0,Linear,"[0.4229857142857144, -0.5554285714285747]",0.9996386870296116,4,4,4,3,20.0,30.0,y = 0.422986 * x + -0.555429,-0.0,,,,,最低不饱和度曲线，无下邻参考曲线
detailed_chain,IUP,Cer(m14:4/x:y),4.0,Quadratic,"[0.062040488757139675, -2.5664623671462614, 32.33424907815771]",0.9998202080524754,5,5,5,4,21.0,34.0,y = 0.0620405 * x^2 + -2.56646 * x + 32.3342,-0.0,,,,,最低不饱和度曲线，无下邻参考曲线
detailed_chain,IUP,Cer(m15:0/x:y),0.0,Linear,"[0.41968421052631566, 0.8039122807017591]",0.9993691716822196,3,3,3,3,19.0,27.0,y = 0.419684 * x + 0.803912,-0.0,,,,,最低不饱和度曲线，无下邻参考曲线
detailed_chain,IUP,Cer(m15:1/x:y),1.0,Linear,"[0.39874999999999966, 0.5449500000000089]",0.999354715459168,4,4,4,3,25.0,29.0,y = 0.39875 * x + 0.54495,-0.0,,,,,最低不饱和度曲线，无下邻参考曲线
detailed_chain,IUP,Cer(m15:2/x:y),0.0,Linear,"[0.7551020408163269, -9.733918367346948]",0.9995345023988657,8,6,6,3,21.0,29.0,y = 0.755102 * x + -9.73392,-0.0,,,,,最低不饱和度曲线，无下邻参考曲线
detailed_chain,IUP,Cer(m15:4/x:y),4.0,Quadratic,"[0.06240414196370465, -2.4588230559973936, 30.013849956619147]",0.9998181549792188,6,5,5,4,20.0,33.0,y = 0.0624041 * x^2 + -2.45882 * x + 30.0138,-0.0,,,,,最低不饱和度曲线，无下邻参考曲线
detailed_chain,IUP,Cer(m16:0/x:y),0.0,Linear,"[0.4093674698795179, 1.573632530120486]",0.9998648896427672,8,4,4,4,18.0,24.0,y = 0.409367 * x + 1.57363,-0.0,,,,,最低不饱和度曲线，无下邻参考曲线
detailed_chain,IUP,Cer(m16:1/x:y),1.0,Quadratic,"[0.010369382022471929, -0.12191095505618044, 6.54889719101124]",0.999979451416074,25,7,7,4,17.0,26.0,y = 0.0103694 * x^2 + -0.121911 * x + 6.5489,-0.0,,,,,最低不饱和度曲线，无下邻参考曲线
detailed_chain,IUP,Cer(m16:2/x:y),0.0,Linear,"[0.42540094339622636, 0.24637971698113326]",0.9995350261473394,42,11,11,8,17.0,28.0,y = 0.425401 * x + 0.24638,-0.0,,,,,最低不饱和度曲线，无下邻参考曲线
detailed_chain,IUP,Cer(m16:2/x:y),1.0,Linear,"[0.398, -0.7124999999999986]",0.9990055132328232,12,3,3,3,22.0,26.0,y = 0.398 * x + -0.7125,-0.0,True,0.0,0.0274009433962263,0.0644120419138436,通过
detailed_chain,IUP,Cer(m16:4/x:y),4.0,Linear,"[0.22876923076923125, 1.4032307692307615]",0.9982930764004918,6,6,6,3,16.0,20.0,y = 0.228769 * x + 1.40323,-0.0,,,,,最低不饱和度曲线，无下邻参考曲线
detailed_chain,IUP,Cer(m17:0/x:y),0.0,Linear,"[0.3831008064516128, 2.5737258064516126]",0.9994942537264154,9,7,7,7,16.0,25.0,y = 0.383101 * x + 2.57373,-0.0,,,,,最低不饱和度曲线，无下邻参考曲线
detailed_chain,IUP,Cer(m17:0/x:y),2.0,Linear,"[0.4689230769230769, -1.2989999999999995]",0.9996796879293676,8,5,5,3,17.0,25.0,y = 0.468923 * x + -1.299,-0.0,True,0.0,0.085822270471464,0.1830199337482009,通过
detailed_chain,IUP,Cer(m17:1/x:y),1.0,Linear,"[0.42539529914529917, 0.671211538461538]",0.9995982955195492,83,10,10,10,16.0,27.0,y = 0.425395 * x + 0.671212,-0.0,,,,,最低不饱和度曲线，无下邻参考曲线
detailed_chain,IUP,Cer(m17:1/x:y),2.0,Linear,"[0.38976750972762664, -0.10903307392996453]",0.9994433523656056,47,8,7,7,17.0,27.0,y = 0.389768 * x + -0.109033,-0.0,True,1.0,0.0356277894176725,0.0837521935227201,通过
detailed_chain,IUP,Cer(m17:2/x:y),0.0,Linear,"[0.42557579617834385, 0.673230573248409]",0.9994364602421268,45,12,11,11,16.0,27.0,y = 0.425576 * x + 0.673231,-0.0,,,,,最低不饱和度曲线，无下邻参考曲线
detailed_chain,IUP,Cer(m17:2/x:y),1.0,Linear,"[0.38675291828793806, -0.0249221789883336]",0.9988282074110244,38,8,7,7,17.0,27.0,y = 0.386753 * x + -0.0249222,-0.0,True,0.0,0.0388228778904057,0.0912243558939063,通过
detailed_chain,IUP,Cer(m17:4/x:y),4.0,Quadratic,"[0.06204048875713967, -2.1942194346034225, 25.193226375533172]",0.9998202080524754,5,5,5,4,18.0,31.0,y = 0.0620405 * x^2 + -2.19422 * x + 25.1932,-0.0,,,,,最低不饱和度曲线，无下邻参考曲线
detailed_chain,IUP,Cer(m18:0/x:y),0.0,Linear,"[0.3912937158469945, 2.765592896174864]",0.998983479341486,15,9,8,8,15.0,25.0,y = 0.391294 * x + 2.76559,-0.0,,,,,最低不饱和度曲线，无下邻参考曲线
detailed_chain,IUP,Cer(m18:0/x:y),1.0,Linear,"[0.39649038461538466, 2.055365384615383]",0.9999153862899812,3,3,3,3,16.0,24.0,y = 0.39649 * x + 2.05537,-0.0,True,0.0,0.0051966687683901,0.0131066703507354,通过
detailed_chain,IUP,Cer(m18:0/x:y),2.0,Linear,"[0.3967999999999998, 1.8060000000000045]",0.9998625786394372,12,6,6,5,22.0,26.0,y = 0.3968 * x + 1.806,-0.0,True,1.0,0.0003096153846151,0.0007802807071954,通过
detailed_chain,IUP,Cer(m18:1/x:y),0.0,Linear,"[0.39649038461538466, 2.055365384615383]",0.9999153862899812,3,3,3,3,16.0,24.0,y = 0.39649 * x + 2.05537,-0.0,,,,,最低不饱和度曲线，无下邻参考曲线
detailed_chain,IUP,Cer(m18:1/x:y),1.0,Linear,"[0.42520454545454567, 1.114340909090906]",0.9992582671613094,50,11,11,11,16.0,26.0,y = 0.425205 * x + 1.11434,-0.0,True,0.0,0.028714160839161,0.0675302302059481,通过
detailed_chain,IUP,Cer(m18:1/x:y),2.0,Linear,"[0.40007031250000014, 1.013440104166662]",0.9988942994495892,26,7,6,6,16.0,25.0,y = 0.40007 * x + 1.01344,-0.0,True,1.0,0.0251342329545455,0.0591109225506442,通过
detailed_chain,IUP,Cer(m18:2/x:y),0.0,Linear,"[0.4249562937062936, 1.1085209790209802]",0.9994944371982538,104,12,12,12,15.0,26.0,y = 0.424956 * x + 1.10852,-0.0,,,,,最低不饱和度曲线，无下邻参考曲线
detailed_chain,IUP,Cer(m18:2/x:y),1.0,Linear,"[0.38498249027237363, 0.3935155642023318]",0.9988678750972706,72,11,7,7,16.0,26.0,y = 0.384982 * x + 0.393516,-0.0,True,0.0,0.0399738034339199,0.0940656816381867,通过
detailed_chain,IUP,Cer(m18:2/x:y),2.0,Quadratic,"[-0.007866367403314927, 0.7076602209944757, -3.195448895027633]",0.9997611368873218,11,6,6,4,16.0,26.0,y = -0.00786637 * x^2 + 0.70766 * x + -3.19545,-0.0,True,1.0,0.0398297083712148,0.1034584932500058,通过
detailed_chain,IUP,Cer(m18:3/x:y),0.0,Linear,"[0.3810000000000001, 0.4909999999999979]",0.9971243359465196,63,10,7,7,16.0,26.0,y = 0.381 * x + 0.491,-0.0,,,,,最低不饱和度曲线，无下邻参考曲线
detailed_chain,IUP,Cer(m18:3/x:y),1.0,Linear,"[0.37682142857142864, 0.07492857142857012]",0.9997465061821886,11,5,5,3,16.0,26.0,y = 0.376821 * x + 0.0749286,-0.0,True,0.0,0.0041785714285714,0.0109673790776154,通过
detailed_chain,IUP,Cer(m18:4/x:y),4.0,Quadratic,"[0.062040488757139675, -2.0701384570891435, 23.061047429686887]",0.9998202080524754,5,5,5,4,17.0,30.0,y = 0.0620405 * x^2 + -2.07014 * x + 23.061,-0.0,,,,,最低不饱和度曲线，无下邻参考曲线
detailed_chain,IUP,Cer(m19:0/x:y),0.0,Linear,"[0.38380000000000036, 3.3293999999999926]",0.9991700175275802,8,6,6,5,20.0,24.0,y = 0.3838 * x + 3.3294,-0.0,,,,,最低不饱和度曲线，无下邻参考曲线
detailed_chain,IUP,Cer(m19:0/x:y),2.0,Linear,"[0.42882000000000003, 1.4454749999999983]",0.99990771603522,21,5,4,4,16.0,24.0,y = 0.42882 * x + 1.44547,-0.0,True,0.0,0.0450199999999996,0.1049857749172139,通过
detailed_chain,IUP,Cer(m19:0/x:y),3.0,Linear,"[0.4249999999999996, -0.12399999999999167]",0.9999833912793143,14,5,5,3,21.0,23.0,y = 0.425 * x + -0.124,-0.0,True,2.0,0.0038200000000004,0.0089081665967082,通过
detailed_chain,IUP,Cer(m19:1/x:y),1.0,Linear,"[0.41355932203389856, 1.798567796610163]",0.9986652468100132,13,6,6,6,18.0,25.0,y = 0.413559 * x + 1.79857,-0.0,,,,,最低不饱和度曲线，无下邻参考曲线
detailed_chain,IUP,Cer(m19:2/x:y),0.0,Linear,"[0.4240033783783785, 1.5438749999999963]",0.9993536963488504,43,10,10,9,16.0,25.0,y = 0.424003 * x + 1.54387,-0.0,,,,,最低不饱和度曲线，无下邻参考曲线
detailed_chain,IUP,Cer(m19:2/x:y),1.0,Linear,"[0.4674285714285714, -0.17659523809523847]",0.9997161194792656,9,4,4,3,19.0,24.0,y = 0.467429 * x + -0.176595,-0.0,True,0.0,0.0434251930501929,0.0929023078702171,通过
detailed_chain,IUP,Cer(m19:4/x:y),4.0,Quadratic,"[0.016906237068370963, -0.28960525771299844, 6.076061244195136]",0.9996900841488844,7,6,6,5,12.0,29.0,y = 0.0169062 * x^2 + -0.289605 * x + 6.07606,-0.0,,,,,最低不饱和度曲线，无下邻参考曲线
detailed_chain,IUP,Cer(m20:0/x:y),0.0,Linear,"[0.41655625, 3.002643749999999]",0.9982708688930224,8,7,7,6,14.0,23.0,y = 0.416556 * x + 3.00264,-0.0,,,,,最低不饱和度曲线，无下邻参考曲线
detailed_chain,IUP,Cer(m20:1/x:y),1.0,Linear,"[0.3995192307692306, 2.5309038461538496]",0.9999883157234164,8,4,4,3,20.0,24.0,y = 0.399519 * x + 2.5309,-0.0,,,,,最低不饱和度曲线，无下邻参考曲线
detailed_chain,IUP,Cer(m20:2/x:y),0.0,Linear,"[0.4185757575757575, 2.084472727272729]",0.998131222921316,54,11,11,10,15.0,24.0,y = 0.418576 * x + 2.08447,-0.0,,,,,最低不饱和度曲线，无下邻参考曲线
detailed_chain,IUP,Cer(m20:2/x:y),1.0,Linear,"[0.408265060240964, 1.6177349397590337]",0.9999360935271552,28,8,4,4,18.0,24.0,y = 0.408265 * x + 1.61773,-0.0,True,0.0,0.0103106973347935,0.0246328105442833,通过
detailed_chain,IUP,Cer(m20:3/x:y),0.0,Linear,"[0.29099999999999987, 3.4703333333333335]",0.9999408968657688,19,8,8,3,16.0,24.0,y = 0.291 * x + 3.47033,-0.0,,,,,最低不饱和度曲线，无下邻参考曲线
detailed_chain,IUP,Cer(m20:4/x:y),4.0,Quadratic,"[0.021524999999999912, -0.3951164634146316, 6.809042682926813]",0.9999958198098394,6,6,6,4,11.0,20.0,y = 0.021525 * x^2 + -0.395116 * x + 6.80904,-0.0,,,,,最低不饱和度曲线，无下邻参考曲线
detailed_chain,IUP,Cer(m21:0/x:y),0.0,Linear,"[0.39290000000000025, 3.929699999999994]",0.9997633526211094,6,5,5,4,18.0,21.0,y = 0.3929 * x + 3.9297,-0.0,,,,,最低不饱和度曲线，无下邻参考曲线
detailed_chain,IUP,Cer(m21:0/x:y),2.0,Linear,"[0.4090769230769233, 2.6897884615384564]",0.9993379163564527,6,6,6,4,16.0,23.0,y = 0.409077 * x + 2.68979,-0.0,True,0.0,0.016176923076923,0.0395449417074086,通过
detailed_chain,IUP,Cer(m21:2/x:y),0.0,Linear,"[0.4094999999999998, 2.690000000000004]",0.999959748832716,8,4,4,3,17.0,22.0,y = 0.4095 * x + 2.69,-0.0,,,,,最低不饱和度曲线，无下邻参考曲线
detailed_chain,IUP,Cer(m21:4/x:y),4.0,Quadratic,"[0.02152499999999991, -0.35206646341463155, 6.435451219512178]",0.9999958198098394,6,6,6,4,10.0,19.0,y = 0.021525 * x^2 + -0.352066 * x + 6.43545,-0.0,,,,,最低不饱和度曲线，无下邻参考曲线
detailed_chain,IUP,Cer(m22:0/x:y),0.0,Linear,"[0.394057142857143, 4.2614571428571395]",0.9922697598699975,5,4,4,4,16.0,20.0,y = 0.394057 * x + 4.26146,-0.0,,,,,最低不饱和度曲线，无下邻参考曲线
detailed_chain,IUP,Cer(m22:1/x:y),1.0,Linear,"[0.42599999999999916, 2.80733333333335]",0.9998824592464168,11,4,4,3,18.0,20.0,y = 0.426 * x + 2.80733,-0.0,,,,,最低不饱和度曲线，无下邻参考曲线
detailed_chain,IUP,Cer(m22:2/x:y),0.0,Linear,"[0.537142857142857, 0.27638095238095417]",0.9994519695736336,8,6,6,3,12.0,22.0,y = 0.537143 * x + 0.276381,-0.0,,,,,最低不饱和度曲线，无下邻参考曲线
detailed_chain,IUP,Cer(m22:4/x:y),4.0,Quadratic,"[0.04632296313688646, -0.9536421930030474, 10.277257806996907]",0.9999937451075614,6,6,6,4,12.0,26.0,y = 0.046323 * x^2 + -0.953642 * x + 10.2773,-0.0,,,,,最低不饱和度曲线，无下邻参考曲线
detailed_chain,IUP,Cer(m24:1/x:y),1.0,Linear,"[0.4140714285714286, 3.8540714285714284]",0.9999742010938736,14,5,5,3,16.0,19.0,y = 0.414071 * x + 3.85407,-0.0,,,,,最低不饱和度曲线，无下邻参考曲线
detailed_chain,IUP,Cer(m24:2/x:y),0.0,Linear,"[0.6354505494505495, -0.5306923076923056]",0.9996552465827652,7,4,4,3,10.0,20.0,y = 0.635451 * x + -0.530692,-0.0,,,,,最低不饱和度曲线，无下邻参考曲线
detailed_chain,IUP,DHCerP(d17:0/x:y),1.0,Linear,"[0.42500000000000004, -2.775000000000002]",1.0,3,3,3,3,25.0,31.0,y = 0.425 * x + -2.775,-0.0,,,,,最低不饱和度曲线，无下邻参考曲线
detailed_chain,IUP,DHCerP(d17:0/x:y),2.0,Linear,"[0.4107857142857143, -2.6439285714285727]",0.9999767798831792,3,3,3,3,25.0,31.0,y = 0.410786 * x + -2.64393,-0.0,True,1.0,0.0142142857142857,0.0334453781512605,通过
detailed_chain,IUP,DHCerP(d18:0/x:y),0.0,Quadratic,"[-0.018131450211075144, 1.0305415818226924, -4.614106245343883]",0.999989281405068,5,5,5,4,14.0,29.0,y = -0.0181315 * x^2 + 1.03054 * x + -4.61411,0.1294537745219781,,,,,最低不饱和度曲线，无下邻参考曲线
detailed_chain,IUP,DHCerP(d18:0/x:y),1.0,Linear,"[0.42110000000000014, -2.2388500000000047]",0.9999249528523536,6,6,6,4,22.0,30.0,y = 0.4211 * x + -2.23885,-0.0,False,0.0,0.31526237894214,0.7486639252959866,相邻不饱和度曲线斜率差超过阈值
detailed_chain,IUP,DHCerP(d18:0/x:y),2.0,Linear,"[0.4197647058823532, -2.4534117647058906]",0.9996705881724742,12,6,6,6,24.0,31.0,y = 0.419765 * x + -2.45341,-0.0,True,1.0,0.0013352941176469,0.0031709667956469,通过
detailed_chain,IUP,DHCerP(d18:0/x:y),4.0,Linear,"[0.4262857142857124, -2.924142857142801]",0.999924199300365,3,3,3,3,28.0,31.0,y = 0.426286 * x + -2.92414,-0.0,True,3.0,0.003428571428573,0.0079787234042591,通过
detailed_chain,IUP,DHCerP(d18:1/x:y),0.0,Linear,"[0.4211000000000003, -2.143101964161959]",0.9999249528523536,9,8,8,4,22.0,30.0,y = 0.4211 * x + -2.1431,0.0957480358380491,,,,,最低不饱和度曲线，无下邻参考曲线
detailed_chain,IUP,DHCerP(d18:1/x:y),1.0,Linear,"[0.40404720616570333, -1.8179404998074271]",0.9961249192536088,13,8,8,8,22.0,31.0,y = 0.404047 * x + -1.81794,0.1674024674372761,True,0.0,0.0170527938342969,0.040495829575628,通过
detailed_chain,IUP,DHCerP(d18:1/x:y),2.0,Quadratic,"[0.016246540070807856, -0.5037771054607877, 10.240868961704374]",0.9941619437265108,14,7,7,7,16.0,32.0,y = 0.0162465 * x^2 + -0.503777 * x + 10.2409,0.1679356498279623,True,1.0,0.0740348661454535,0.1832332089312633,通过
detailed_chain,IUP,DHCerP(d18:1/x:y),3.0,Quadratic,"[-0.012174307036247601, 1.1501753731343431, -13.872083155650522]",0.9995765211458084,11,6,6,5,26.0,32.0,y = -0.0121743 * x^2 + 1.15018 * x + -13.8721,-0.2,True,2.0,0.0863418139961177,0.1783918557047105,通过
detailed_chain,IUP,DHCerP(d18:1/x:y),4.0,Linear,"[0.41478947368421054, -3.0318813264504527]",0.9999986260989392,8,5,5,3,24.0,32.0,y = 0.414789 * x + -3.03188,-0.1208988703101035,True,3.0,0.0369852365658154,0.083287783332517,通过
detailed_chain,IUP,DHCerP(d18:2/x:y),1.0,Linear,"[0.40216000000000013, -2.345388571428575]",0.9988025781564186,7,4,4,4,26.0,32.0,y = 0.40216 * x + -2.34539,0.0742114285714293,,,,,最低不饱和度曲线，无下邻参考曲线
detailed_chain,IUP,DHCerP(d18:2/x:y),2.0,Linear,"[0.4132857142857143, -2.740285714285714]",0.9993978142196566,5,3,3,3,26.0,31.0,y = 0.413286 * x + -2.74029,-0.2,True,1.0,0.0111257142857141,0.0269201520912545,通过
detailed_chain,IUP,DHCerP(d18:2/x:y),3.0,Linear,"[0.28701612903225804, 0.21524193548387238]",0.995017756802524,5,4,3,3,24.0,30.0,y = 0.287016 * x + 0.215242,-0.0,False,2.0,0.1262695852534562,0.3055261309278236,相邻不饱和度曲线斜率差超过阈值
detailed_chain,IUP,DHCerP(d20:1/x:y),1.0,Linear,"[0.41117857142857145, -1.4180714285714284]",0.99999997736689,4,3,3,3,22.0,28.0,y = 0.411179 * x + -1.41807,-0.0,,,,,最低不饱和度曲线，无下邻参考曲线
detailed_chain,IUP,GlcCer(d14:0/x:y),0.0,Linear,"[0.41948214285714225, -1.0264285714285588]",0.9998139708923394,4,3,3,3,20.0,26.0,y = 0.419482 * x + -1.02643,-0.0,,,,,最低不饱和度曲线，无下邻参考曲线
detailed_chain,IUP,GlcCer(d15:0/x:y),0.0,Linear,"[0.42225, -0.6617500000000014]",0.9998727692560052,4,3,3,3,19.0,25.0,y = 0.42225 * x + -0.66175,-0.0,,,,,最低不饱和度曲线，无下邻参考曲线
detailed_chain,IUP,GlcCer(d16:0/x:y),0.0,Linear,"[0.42224999999999985, -0.23949999999999783]",0.9998727692560052,4,3,3,3,18.0,24.0,y = 0.42225 * x + -0.2395,-0.0,,,,,最低不饱和度曲线，无下邻参考曲线
detailed_chain,IUP,GlcCer(d16:1/x:y),0.0,Linear,"[0.35600000000000104, 0.9133333333333074]",0.9909275480923356,5,4,4,3,22.0,26.0,y = 0.356 * x + 0.913333,-0.0,,,,,最低不饱和度曲线，无下邻参考曲线
detailed_chain,IUP,GlcCer(d16:1/x:y),1.0,Linear,"[0.4000499999999999, -0.35779999999999745]",0.999384689022778,6,4,4,4,18.0,24.0,y = 0.40005 * x + -0.3578,-0.0,True,0.0,0.0440499999999988,0.1101112360954852,通过
detailed_chain,IUP,GlcCer(d17:0/x:y),0.0,Linear,"[0.4070699152542374, 0.46538983050847094]",0.9979694403785688,7,5,5,5,17.0,25.0,y = 0.40707 * x + 0.46539,-0.0,,,,,最低不饱和度曲线，无下邻参考曲线
detailed_chain,IUP,GlcCer(d17:0/x:y),1.0,Quadratic,"[-0.008786913814955432, 0.7629081388488183, -3.4272003518202077]",0.9993109185082047,19,8,8,7,17.0,25.0,y = -0.00878691 * x^2 + 0.762908 * x + -3.4272,-0.0,True,0.0,0.035592562288427,0.0874359930681627,通过
detailed_chain,IUP,GlcCer(d17:0/x:y),2.0,Linear,"[0.3830462184873949, 0.373134453781514]",0.9969254404960268,32,8,8,6,17.0,27.0,y = 0.383046 * x + 0.373134,-0.0,True,1.0,0.035592562288427,0.090369077438195,通过
detailed_chain,IUP,GlcCer(d17:0/x:y),3.0,Quadratic,"[0.03149999999999948, -1.112099999999976, 17.518637811725206]",0.9993803670651624,7,4,4,4,22.0,25.0,y = 0.0315 * x^2 + -1.1121 * x + 17.5186,0.0080378117254799,True,2.0,0.0478481012658219,0.1249146942496092,通过
detailed_chain,IUP,GlcCer(d17:0/x:y),4.0,Linear,"[0.4173191489361704, -1.0958297872340477]",0.999962004931636,5,5,5,4,19.0,28.0,y = 0.417319 * x + -1.09583,-0.2,True,3.0,0.048919148936171,0.1172223921688608,通过
detailed_chain,IUP,GlcCer(d17:1/x:y),1.0,Linear,"[0.4168837209302327, -0.2964883720930285]",0.9995967911217748,11,6,6,5,19.0,24.0,y = 0.416884 * x + -0.296488,-0.0,,,,,最低不饱和度曲线，无下邻参考曲线
detailed_chain,IUP,GlcCer(d17:1/x:y),2.0,Quadratic,"[0.0709999999999993, -2.929199999999967, 38.491005210579765]",0.9988182552547248,9,5,5,4,21.0,24.0,y = 0.071 * x^2 + -2.9292 * x + 38.491,0.1035052105801519,False,1.0,0.1510837209302311,0.3624121387928112,相邻不饱和度曲线斜率差超过阈值
detailed_chain,IUP,GlcCer(d17:1/x:y),3.0,Linear,"[0.3886634615384615, -0.3203173076923065]",0.9999167028432724,5,3,3,3,19.0,27.0,y = 0.388663 * x + -0.320317,-0.0,False,2.0,0.1228634615384599,0.3161178595284587,相邻不饱和度曲线斜率差超过阈值
detailed_chain,IUP,GlcCer(d17:1/x:y),4.0,Linear,"[0.40056834532374097, -1.1748848920863306]",0.9995171600096144,5,4,4,4,21.0,29.0,y = 0.400568 * x + -1.17488,-0.0,True,3.0,0.0119048837852794,0.0297199814320273,通过
detailed_chain,IUP,GlcCer(d18:0/x:y),0.0,Linear,"[0.4163894736842106, 0.7048491228070155]",0.9998589695955854,9,6,6,6,16.0,24.0,y = 0.416389 * x + 0.704849,-0.0,,,,,最低不饱和度曲线，无下邻参考曲线
detailed_chain,IUP,GlcCer(d18:0/x:y),1.0,Linear,"[0.37820719178082196, 1.0852089041095887]",0.9936105605994952,20,5,5,5,18.0,25.0,y = 0.378207 * x + 1.08521,-0.0,True,0.0,0.0381822819033886,0.0916984801886371,通过
detailed_chain,IUP,GlcCer(d18:0/x:y),2.0,Linear,"[0.4219117647058827, -0.05740541901692993]",0.9990812419350438,21,6,6,6,18.0,25.0,y = 0.421912 * x + -0.0574054,-0.0613465954875096,True,1.0,0.0437045729250607,0.1035869975219284,通过
detailed_chain,IUP,GlcCer(d18:0/x:y),3.0,Linear,"[0.4166440677966095, -0.1341525423728669]",0.9997271257812568,8,4,4,4,20.0,25.0,y = 0.416644 * x + -0.134153,-0.0,True,2.0,0.0052676969092732,0.0124853046298563,通过
detailed_chain,IUP,GlcCer(d18:1/x:y),0.0,Linear,"[0.41188333333333305, 0.45730000000000537]",0.9992412239259434,32,9,9,9,16.0,25.0,y = 0.411883 * x + 0.4573,-0.0,,,,,最低不饱和度曲线，无下邻参考曲线
detailed_chain,IUP,GlcCer(d18:1/x:y),1.0,Linear,"[0.4120800865800863, 0.22193614718615073]",0.9995782057043592,46,10,10,10,16.0,26.0,y = 0.41208 * x + 0.221936,-0.0,True,0.0,0.0001967532467532,0.0004774636124403,通过
detailed_chain,IUP,GlcCer(d18:1/x:y),2.0,Linear,"[0.3943285714285718, -0.05216691729324163]",0.9972462439804032,18,7,7,6,20.0,26.0,y = 0.394329 * x + -0.0521669,0.0179473684210534,True,1.0,0.0177515151515145,0.0430778281446137,通过
detailed_chain,IUP,GlcCer(d18:1/x:y),3.0,Linear,"[0.41272180451127816, -0.5803909774436071]",0.9999285993239664,12,6,6,5,18.0,26.0,y = 0.412722 * x + -0.580391,-0.2,True,2.0,0.0183932330827063,0.0445656926328052,通过
detailed_chain,IUP,GlcCer(d18:1/x:y),4.0,Linear,"[0.4064000000000002, -0.9123333333333381]",0.998981588264232,17,6,6,6,20.0,28.0,y = 0.4064 * x + -0.912333,-0.0,True,3.0,0.0063218045112779,0.015317350433578,通过
detailed_chain,IUP,GlcCer(d18:2/x:y),0.0,Linear,"[0.34708620689655156, 1.241155172413798]",0.9901786156834592,15,5,5,5,18.0,24.0,y = 0.347086 * x + 1.24116,-0.0,,,,,最低不饱和度曲线，无下邻参考曲线
detailed_chain,IUP,GlcCer(d18:2/x:y),1.0,Linear,"[0.39089999999999975, 0.006400000000004624]",0.994031561743187,15,6,6,5,20.0,24.0,y = 0.3909 * x + 0.0064,-0.0,True,0.0,0.0438137931034481,0.1120844029251681,通过
detailed_chain,IUP,GlcCer(d18:2/x:y),2.0,Linear,"[0.39997368421052604, -0.26136842105262587]",0.9977323849004168,11,6,6,5,18.0,26.0,y = 0.399974 * x + -0.261368,-0.1232368421052616,True,1.0,0.0090736842105262,0.0226857030067767,通过
detailed_chain,IUP,GlcCer(d18:2/x:y),3.0,Linear,"[0.39990410958904116, -0.7722602739726021]",0.9989122780992088,13,5,5,5,20.0,27.0,y = 0.399904 * x + -0.77226,-0.0,True,2.0,6.957462148488025e-05,0.0001739479976594,通过
detailed_chain,IUP,GlcCer(d19:0/x:y),0.0,Linear,"[0.41948214285714225, 1.0709821428571527]",0.9998139708923394,4,3,3,3,15.0,21.0,y = 0.419482 * x + 1.07098,-0.0,,,,,最低不饱和度曲线，无下邻参考曲线
detailed_chain,IUP,GlcCer(d19:1/x:y),1.0,Linear,"[0.4182499999999999, 0.5370000000000008]",0.9996132159433604,5,3,3,3,18.0,24.0,y = 0.41825 * x + 0.537,-0.0,,,,,最低不饱和度曲线，无下邻参考曲线
detailed_chain,IUP,GlcCer(d19:1/x:y),4.0,Linear,"[0.39200000000000024, -0.12400000000000588]",0.999921913636482,7,3,3,3,25.0,27.0,y = 0.392 * x + -0.124,-0.0,,1.0,,,重叠碳数范围不足，无法判断
detailed_chain,IUP,GlcCer(d20:0/x:y),0.0,Linear,"[0.4191249999999997, 1.494750000000006]",0.9998159129309072,5,4,4,4,14.0,20.0,y = 0.419125 * x + 1.49475,-0.0,,,,,最低不饱和度曲线，无下邻参考曲线
detailed_chain,IUP,GlcCer(d20:1/x:y),1.0,Linear,"[0.41993854748603354, 0.8819944134078188]",0.999931757194713,10,6,6,4,16.0,24.0,y = 0.419939 * x + 0.881994,-0.0,,,,,最低不饱和度曲线，无下邻参考曲线
detailed_chain,IUP,GlcCer(d20:1/x:y),2.0,Linear,"[0.490032258064516, -0.9140225056264055]",0.9988622743218892,4,3,3,3,18.0,24.0,y = 0.490032 * x + -0.914023,0.1190097524381085,True,1.0,0.0700937105784824,0.1430389722818087,通过
detailed_chain,IUP,GlcCer(d20:1/x:y),3.0,Linear,"[0.4192558139534889, 0.3099534883720825]",0.9999645191410128,5,4,4,3,18.0,25.0,y = 0.419256 * x + 0.309953,-0.0,True,2.0,0.0707764441110271,0.1444322143006939,通过
detailed_chain,IUP,GlcCer(d20:1/x:y),4.0,Linear,"[0.39621134020618604, 0.15489690721648408]",0.999393391813496,8,5,5,5,18.0,26.0,y = 0.396211 * x + 0.154897,-0.0,True,3.0,0.0230444737473028,0.0549651858849579,通过
detailed_chain,IUP,GlcCer(d20:2/x:y),0.0,Linear,"[0.35574247491638794, 1.897207357859533]",0.999589189057936,7,5,5,4,14.0,24.0,y = 0.355742 * x + 1.89721,-0.0,,,,,最低不饱和度曲线，无下邻参考曲线
detailed_chain,IUP,GlcCer(d20:2/x:y),2.0,Linear,"[0.41196551724137925, 0.46277586206896615]",0.9999508399406336,9,4,4,4,18.0,25.0,y = 0.411966 * x + 0.462776,-0.0,True,0.0,0.0562230423249913,0.1364751173871891,通过
detailed_chain,IUP,GlcCer(d20:2/x:y),3.0,Linear,"[0.40416250000000026, -0.055570833333339564]",0.9992085604830044,14,6,6,6,18.0,26.0,y = 0.404163 * x + -0.0555708,-0.0,True,2.0,0.0078030172413789,0.0189409475182046,通过
detailed_chain,IUP,GlcCer(d21:0/x:y),0.0,Linear,"[0.4194821428571425, 1.9099464285714332]",0.9998139708923394,4,3,3,3,13.0,19.0,y = 0.419482 * x + 1.90995,-0.0,,,,,最低不饱和度曲线，无下邻参考曲线
detailed_chain,IUP,GlcCer(d22:0/x:y),0.0,Linear,"[0.4194821428571425, 2.3294285714285756]",0.9998139708923394,4,3,3,3,12.0,18.0,y = 0.419482 * x + 2.32943,-0.0,,,,,最低不饱和度曲线，无下邻参考曲线
detailed_chain,IUP,GlcCer(d23:0/x:y),0.0,Linear,"[0.4190267175572518, 2.754480916030535]",0.999892163677623,5,4,4,4,11.0,18.0,y = 0.419027 * x + 2.75448,-0.0,,,,,最低不饱和度曲线，无下邻参考曲线
detailed_chain,IUP,GlcCer(d24:1/x:y),0.0,Linear,"[0.4029999999999995, 2.7233333333333416]",0.9991797008779252,7,3,3,3,16.0,18.0,y = 0.403 * x + 2.72333,-0.0,,,,,最低不饱和度曲线，无下邻参考曲线
detailed_chain,IUP,GlcCer(d24:3/x:y),2.0,Linear,"[0.401, 1.6110000000000007]",0.9992717572710668,3,3,3,3,14.0,22.0,y = 0.401 * x + 1.611,-0.0,,,,,最低不饱和度曲线，无下邻参考曲线
detailed_chain,IUP,GlcCer(m16:0/x:y),2.0,Linear,"[0.3683846153846151, -0.8295384615384549]",0.9999308077900576,4,4,4,3,18.0,26.0,y = 0.368385 * x + -0.829538,-0.0,,,,,最低不饱和度曲线，无下邻参考曲线
detailed_chain,IUP,GlcCer(m16:1/x:y),1.0,Linear,"[0.4124400000000005, -0.3762400000000099]",0.9998436144445744,11,5,5,5,17.0,25.0,y = 0.41244 * x + -0.37624,-0.0,,,,,最低不饱和度曲线，无下邻参考曲线
detailed_chain,IUP,GlcCer(m16:2/x:y),0.0,Linear,"[0.4007317073170732, -0.08802613240418289]",0.9980320377661572,23,7,7,7,16.0,26.0,y = 0.400732 * x + -0.0880261,-0.0,,,,,最低不饱和度曲线，无下邻参考曲线
detailed_chain,IUP,GlcCer(m17:1/x:y),1.0,Linear,"[0.4060156124899922, 0.19220496397117337]",0.9992370322919712,59,12,12,10,15.0,27.0,y = 0.406016 * x + 0.192205,-0.0,,,,,最低不饱和度曲线，无下邻参考曲线
detailed_chain,IUP,GlcCer(m17:1/x:y),2.0,Linear,"[0.39434210526315766, -0.21033552631578267]",0.9993862954269036,33,7,7,4,19.0,27.0,y = 0.394342 * x + -0.210336,-0.0,True,1.0,0.0116735072268345,0.0287513752371339,通过
detailed_chain,IUP,GlcCer(m17:2/x:y),0.0,Linear,"[0.41149473684210547, 0.06635789473683928]",0.9998689884817612,18,9,9,6,16.0,24.0,y = 0.411495 * x + 0.0663579,-0.0,,,,,最低不饱和度曲线，无下邻参考曲线
detailed_chain,IUP,GlcCer(m17:2/x:y),1.0,Linear,"[0.38782631578947363, -0.06462105263157802]",0.9997179451812114,23,7,6,6,17.0,26.0,y = 0.387826 * x + -0.0646211,-0.0,True,0.0,0.0236684210526318,0.0575181622838438,通过
detailed_chain,IUP,GlcCer(m18:1/x:y),1.0,Linear,"[0.4042089728453364, 0.6473559622195992]",0.9993844397262608,43,10,10,8,14.0,26.0,y = 0.404209 * x + 0.647356,-0.0,,,,,最低不饱和度曲线，无下邻参考曲线
detailed_chain,IUP,GlcCer(m18:1/x:y),2.0,Quadratic,"[-0.013882504841833489, 1.0744928986442888, -8.149975145255027]",0.9999472789538006,23,6,6,4,18.0,25.0,y = -0.0138825 * x^2 + 1.07449 * x + -8.14998,-0.0,True,1.0,0.0733362176001123,0.1535691680439816,通过
detailed_chain,IUP,GlcCer(m18:2/x:y),0.0,Linear,"[0.4084725274725274, 0.5415494505494518]",0.9994465623214536,69,13,13,13,14.0,26.0,y = 0.408473 * x + 0.541549,-0.0,,,,,最低不饱和度曲线，无下邻参考曲线
detailed_chain,IUP,GlcCer(m18:2/x:y),1.0,Linear,"[0.3916871345029242, 0.23267982456139968]",0.9991067884644228,38,8,8,8,16.0,26.0,y = 0.391687 * x + 0.23268,-0.0,True,0.0,0.0167853929696031,0.041093076867286,通过
detailed_chain,IUP,GlcCer(m18:2/x:y),2.0,Linear,"[0.4505263157894734, -3.154473684210518]",0.990383105075458,10,6,6,3,22.0,27.0,y = 0.450526 * x + -3.15447,-0.0,True,1.0,0.0588391812865491,0.1306009865005181,通过
detailed_chain,IUP,GlcCer(m18:3/x:y),0.0,Linear,"[0.3920584795321639, 0.22772807017543428]",0.9992073283355192,33,8,8,8,16.0,26.0,y = 0.392058 * x + 0.227728,-0.0,,,,,最低不饱和度曲线，无下邻参考曲线
detailed_chain,IUP,GlcCer(m18:3/x:y),1.0,Linear,"[0.48392105263157925, -2.5082894736842185]",0.9951001322475064,8,4,4,3,19.0,24.0,y = 0.483921 * x + -2.50829,-0.0,True,0.0,0.0918625730994153,0.1898296687029083,通过
detailed_chain,IUP,GlcCer(m19:0/x:y),2.0,Linear,"[0.41653846153846164, 0.7810769230769221]",0.9995811077552234,6,3,3,3,15.0,23.0,y = 0.416538 * x + 0.781077,-0.0,,,,,最低不饱和度曲线，无下邻参考曲线
detailed_chain,IUP,GlcCer(m19:2/x:y),0.0,Linear,"[0.41470000000000007, 0.8332499999999996]",0.9998454747813325,11,7,7,4,16.0,24.0,y = 0.4147 * x + 0.83325,-0.0,,,,,最低不饱和度曲线，无下邻参考曲线
detailed_chain,IUP,GlcCer(m20:1/x:y),1.0,Linear,"[0.649928571428572, -3.142785714285721]",0.9965075091388066,6,4,4,3,14.0,19.0,y = 0.649929 * x + -3.14279,-0.0,,,,,最低不饱和度曲线，无下邻参考曲线
detailed_chain,IUP,GlcCer(m20:2/x:y),0.0,Linear,"[0.4156484641638224, 1.2107372013651894]",0.9999588953649052,21,8,8,7,14.0,24.0,y = 0.415648 * x + 1.21074,-0.0,,,,,最低不饱和度曲线，无下邻参考曲线
detailed_chain,IUP,GlcCer(m20:3/x:y),0.0,Linear,"[0.3605000000000005, 0.11849999999999117]",0.9999480637392568,5,4,4,3,18.0,22.0,y = 0.3605 * x + 0.1185,-0.0,,,,,最低不饱和度曲线，无下邻参考曲线
detailed_chain,IUP,GlcCer(t18:0/x:y),0.0,Quadratic,"[0.02173127824402832, -0.5276252420916684, 10.335803119642664]",0.9999380036475956,5,4,4,4,18.0,25.0,y = 0.0217313 * x^2 + -0.527625 * x + 10.3358,0.1391147723218512,,,,,最低不饱和度曲线，无下邻参考曲线
detailed_chain,IUP,GlcCer(t18:0/x:y),1.0,Linear,"[0.39012500000000017, 0.5962499999999942]",0.9934618195420504,12,4,4,4,18.0,24.0,y = 0.390125 * x + 0.59625,-0.0,True,0.0,0.0660190731464151,0.1692254358126629,通过
detailed_chain,IUP,GlcCer(t18:0/x:y),4.0,Linear,"[0.4303362068965524, -1.0262672413793243]",0.9986298961337556,13,5,5,5,20.0,26.0,y = 0.430336 * x + -1.02627,-0.0,True,1.0,0.0402112068965522,0.0934413750275456,通过
detailed_chain,IUP,GlcCer(t18:1/x:y),0.0,Linear,"[0.3806071428571432, 0.7537142857142776]",0.9999416525744764,6,3,3,3,18.0,24.0,y = 0.380607 * x + 0.753714,-0.0,,,,,最低不饱和度曲线，无下邻参考曲线
detailed_chain,IUP,GlcCer(t18:1/x:y),4.0,Linear,"[0.42317142857142864, -1.5536571428571442]",0.998740025067557,4,4,4,4,22.0,26.0,y = 0.423171 * x + -1.55366,-0.0,True,0.0,0.0425642857142854,0.1005840253865363,通过
detailed_chain,IUP,GlcCer(t20:0/x:y),1.0,Linear,"[0.39244642857142853, 1.3126428571428566]",0.9978205532099764,5,4,4,3,18.0,24.0,y = 0.392446 * x + 1.31264,-0.0,,,,,最低不饱和度曲线，无下邻参考曲线
detailed_chain,IUP,GlcCer(t20:1/x:y),0.0,Linear,"[0.47924999999999973, -0.3078333333333294]",0.9972926192870368,4,4,4,3,16.0,20.0,y = 0.47925 * x + -0.307833,-0.0,,,,,最低不饱和度曲线，无下邻参考曲线
detailed_chain,IUP,LacCer(d18:1/x:y),0.0,Linear,"[0.4033942307692309, 0.2012115384615365]",0.9999918849748944,9,3,3,3,16.0,24.0,y = 0.403394 * x + 0.201212,-0.0,,,,,最低不饱和度曲线，无下邻参考曲线
detailed_chain,IUP,SM(d16:1/x:y),0.0,Linear,"[0.36623684210526314, 0.45794736842105266]",0.9979067764634214,4,4,4,3,16.0,26.0,y = 0.366237 * x + 0.457947,-0.0,,,,,最低不饱和度曲线，无下邻参考曲线
detailed_chain,IUP,SM(d16:1/x:y),3.0,Linear,"[0.3945000000000001, -0.8675000000000024]",0.9983828614318064,3,3,3,3,18.0,24.0,y = 0.3945 * x + -0.8675,-0.0,True,0.0,0.0282631578947369,0.0716429857914751,通过
detailed_chain,IUP,SM(d17:0/x:y),4.0,Linear,"[0.428171428571429, -1.2326714285714377]",0.9980283524484632,8,6,6,6,21.0,27.0,y = 0.428171 * x + -1.23267,-0.0,,,,,最低不饱和度曲线，无下邻参考曲线
detailed_chain,IUP,SM(d17:1/x:y),0.0,Linear,"[0.41293269230769264, 0.006557692307683993]",0.9999903556424592,6,5,5,3,16.0,24.0,y = 0.412933 * x + 0.00655769,-0.0,,,,,最低不饱和度曲线，无下邻参考曲线
detailed_chain,IUP,SM(d18:0/x:y),0.0,Linear,"[0.4213392857142855, 0.5555000000000039]",0.9999471884706564,7,3,3,3,16.0,22.0,y = 0.421339 * x + 0.5555,-0.0,,,,,最低不饱和度曲线，无下邻参考曲线
detailed_chain,IUP,SM(d18:0/x:y),1.0,Linear,"[0.42117010309278347, 0.20289175257731884]",0.9999723833173492,12,6,6,5,18.0,25.0,y = 0.42117 * x + 0.202892,-0.0,True,0.0,0.000169182621502,0.0004015353593606,通过
detailed_chain,IUP,SM(d18:0/x:y),4.0,Linear,"[0.4191000000000001, -0.6028000000000038]",0.999776644493339,7,4,4,4,20.0,26.0,y = 0.4191 * x + -0.6028,-0.0,True,1.0,0.0020701030927833,0.0049151235512254,通过
detailed_chain,IUP,SM(d18:1/x:y),0.0,Linear,"[0.4023481308411215, 0.5709649532710266]",0.997330928973472,27,9,9,9,14.0,25.0,y = 0.402348 * x + 0.570965,-0.0,,,,,最低不饱和度曲线，无下邻参考曲线
detailed_chain,IUP,SM(d18:1/x:y),1.0,Linear,"[0.40208969465648847, -0.009700381679387249]",0.9981823125831112,19,7,7,7,16.0,26.0,y = 0.40209 * x + -0.00970038,-0.0,True,0.0,0.000258436184633,0.000642319834052,通过
detailed_chain,IUP,SM(d18:1/x:y),3.0,Linear,"[0.39608514190317196, -0.06048747913188812]",0.9989263509440954,26,8,8,8,17.0,26.0,y = 0.396085 * x + -0.0604875,-0.0,True,2.0,0.0132137133317432,0.0333607902287168,通过
detailed_chain,IUP,SM(d18:1/x:y),4.0,Linear,"[0.38745000000000024, -0.5163000000000029]",0.9996012881567116,14,5,5,5,18.0,27.0,y = 0.38745 * x + -0.5163,-0.0,True,3.0,0.0086351419031717,0.0218012265284181,通过
detailed_chain,IUP,SM(d18:2/x:y),0.0,Linear,"[0.4053234767025089, -0.0668602150537616]",0.9985900839680456,12,7,7,7,16.0,26.0,y = 0.405323 * x + -0.0668602,-0.0,,,,,最低不饱和度曲线，无下邻参考曲线
detailed_chain,IUP,SM(d18:2/x:y),2.0,Linear,"[0.40875166444740385, -0.3475026631158542]",0.998568088860123,17,9,9,8,16.0,26.0,y = 0.408752 * x + -0.347503,-0.0,True,0.0,0.0034281877448949,0.0083869695051384,通过
detailed_chain,IUP,SM(d18:2/x:y),3.0,Linear,"[0.3945833333333334, -0.666716666666666]",0.998433547409588,11,6,6,5,18.0,27.0,y = 0.394583 * x + -0.666717,-0.0,True,2.0,0.0141683311140704,0.0346624426183677,通过
detailed_chain,IUP,SM(d19:0/x:y),0.0,Linear,"[0.4206071428571427, 0.9866071428571459]",0.9996834187904868,3,3,3,3,15.0,21.0,y = 0.420607 * x + 0.986607,-0.0,,,,,最低不饱和度曲线，无下邻参考曲线
detailed_chain,IUP,SM(d19:1/x:y),0.0,Linear,"[0.4103885350318472, 0.8237515923566878]",0.99895768815319,9,5,5,5,15.0,24.0,y = 0.410389 * x + 0.823752,-0.0,,,,,最低不饱和度曲线，无下邻参考曲线
detailed_chain,IUP,SM(d19:1/x:y),1.0,Linear,"[0.34149999999999986, 1.7631666666666694]",0.9909583100841488,6,3,3,3,22.0,24.0,y = 0.3415 * x + 1.76317,-0.0,True,0.0,0.0688885350318473,0.1678617435706419,通过
detailed_chain,IUP,SM(d19:1/x:y),3.0,Linear,"[0.4187877094972069, -0.1909888268156461]",0.9985095651177404,5,4,4,4,17.0,25.0,y = 0.418788 * x + -0.190989,-0.0,True,1.0,0.077287709497207,0.1845510451822906,通过
detailed_chain,IUP,SM(d20:1/x:y),0.0,Linear,"[0.4327931034482757, 0.7940344827586223]",0.9994934883495435,6,5,5,4,16.0,23.0,y = 0.432793 * x + 0.794034,-0.0,,,,,最低不饱和度曲线，无下邻参考曲线
detailed_chain,IUP,SM(d20:1/x:y),1.0,Linear,"[0.3629000000000002, 1.6491999999999942]",0.9983005686754,6,4,4,4,20.0,24.0,y = 0.3629 * x + 1.6492,-0.0,True,0.0,0.0698931034482754,0.1614931081188741,通过
detailed_chain,IUP,SM(d20:1/x:y),3.0,Linear,"[0.40404120879120875, 0.5887719780219767]",0.9997431545636994,6,3,3,3,14.0,24.0,y = 0.404041 * x + 0.588772,-0.0,True,1.0,0.0411412087912085,0.1018242889488744,通过
detailed_chain,IUP,SM(d20:2/x:y),2.0,Linear,"[0.4115192307692307, 0.42196153846153894]",0.9991843021635588,8,3,3,3,16.0,24.0,y = 0.411519 * x + 0.421962,-0.0,,,,,最低不饱和度曲线，无下邻参考曲线
detailed_chain,IUP,SM(d22:1/x:y),1.0,Linear,"[0.3909999999999998, 1.754000000000004]",0.9998234232348864,7,3,3,3,19.0,21.0,y = 0.391 * x + 1.754,-0.0,,,,,最低不饱和度曲线，无下邻参考曲线
detailed_chain,IUP,SM(d26:3/x:y),2.0,Linear,"[0.39003571428571493, 2.5250357142857025]",0.9963619928816916,4,3,3,3,16.0,19.0,y = 0.390036 * x + 2.52504,-0.0,,,,,最低不饱和度曲线，无下邻参考曲线
detailed_chain,IUP,Sa(dx:y),0.0,Linear,"[0.22368562874251502, -0.09264970059880273]",0.99893141896312,26,10,10,5,16.0,25.0,y = 0.223686 * x + -0.0926497,-0.0,,,,,最低不饱和度曲线，无下邻参考曲线
detailed_chain,IUP,Sa(mx:y),0.0,Quadratic,"[-0.0017221908725399558, 0.17183416801861934, 1.5101820201735388]",0.9902244923182398,19,8,8,6,12.0,22.0,y = -0.00172219 * x^2 + 0.171834 * x + 1.51018,-0.0,,,,,最低不饱和度曲线，无下邻参考曲线
detailed_chain,IUP,Sa(tx:y),0.0,Quadratic,"[0.011345779220779261, -0.3207126623376638, 5.630827922077936]",0.9963738140835748,11,6,6,5,14.0,24.0,y = 0.0113458 * x^2 + -0.320713 * x + 5.63083,-0.0,,,,,最低不饱和度曲线，无下邻参考曲线
detailed_chain,IUP,So(dx:y),1.0,Linear,"[0.21795496894409955, 0.09070962732918897]",0.9967876123335836,12,7,7,5,16.0,30.0,y = 0.217955 * x + 0.0907096,-0.0,,,,,最低不饱和度曲线，无下邻参考曲线
detailed_chain,IUP,So(mx:y),1.0,Linear,"[0.2083999999999999, 1.4971500000000026]",0.9926062626750974,15,7,6,6,14.0,20.0,y = 0.2084 * x + 1.49715,-0.0,,,,,最低不饱和度曲线，无下邻参考曲线
detailed_chain,IUP,So(mx:y),2.0,Linear,"[0.25873214285714274, 0.31703571428571564]",0.9962241394302792,12,4,4,3,18.0,24.0,y = 0.258732 * x + 0.317036,-0.0,True,1.0,0.0503321428571428,0.1945337842501208,通过
lcb_series,ECN,Cer(d),0.0,Linear,"[0.41330144927536233, -5.819920289855077]",0.9984769491445332,72,13,13,11,32.0,46.0,y = 0.413301 * x + -5.81992,0.0,,,,,最低不饱和度曲线，无下邻参考曲线
lcb_series,ECN,Cer(d),1.0,Linear,"[0.4222499999999999, -7.346833333333329]",0.999985861651705,40,9,9,3,36.0,40.0,y = 0.42225 * x + -7.34683,0.0,True,0.0,0.0089485507246375,0.02119254168061,通过
lcb_series,ECN,Cer(d),2.0,Quadratic,"[-0.018390765765765767, 1.8322784749034744, -34.576784105534074]",0.997883878750243,67,13,13,9,36.0,50.0,y = -0.0183908 * x^2 + 1.83228 * x + -34.5768,0.0,True,1.0,0.0372471205382598,0.0857082627417997,通过
lcb_series,ECN,Cer(d),3.0,Linear,"[0.40519285714285785, -7.637221428571458]",0.999765904063158,34,10,10,6,38.0,44.0,y = 0.405193 * x + -7.63722,0.0,True,2.0,0.0809571750321763,0.1997991169020865,通过
lcb_series,ECN,Cer(d),4.0,Linear,"[0.424687037037037, -7.3738092592592555]",0.9994056052041644,21,10,10,8,36.0,45.0,y = 0.424687 * x + -7.37381,0.0,True,3.0,0.0194941798941791,0.0459024603863268,通过
lcb_series,ECN,Cer(d),5.0,Linear,"[0.4244638554216867, -7.947740963855418]",0.9996336193384188,6,4,4,4,38.0,44.0,y = 0.424464 * x + -7.94774,0.0,True,4.0,0.0002231816153502,0.0005255201969605,通过
lcb_series,ECN,Cer(d) (2OH),0.0,Linear,"[0.4211577301161751, -7.211055853440568]",0.9993150251049256,52,12,12,8,34.0,48.0,y = 0.421158 * x + -7.21106,0.0,,,,,最低不饱和度曲线，无下邻参考曲线
lcb_series,ECN,Cer(d) (2OH),1.0,Quadratic,"[-0.02086995471549515, 1.9759628863949579, -36.43524276432366]",0.9998011133105192,38,6,6,4,36.0,48.0,y = -0.02087 * x^2 + 1.97596 * x + -36.4352,0.0,False,0.0,0.1982710398228098,0.4707762095880736,相邻不饱和度曲线斜率差超过阈值
lcb_series,ECN,Cer(m),0.0,Linear,"[0.39100628930817605, -4.2621729559748385]",0.9990515503484388,17,9,9,7,33.0,43.0,y = 0.391006 * x + -4.26217,0.0,,,,,最低不饱和度曲线，无下邻参考曲线
lcb_series,ECN,Cer(m),2.0,Linear,"[0.4690837985282925, -9.13155778990105]",0.9984789954767552,130,13,13,7,34.0,50.0,y = 0.469084 * x + -9.13156,0.0,True,0.0,0.0780775092201164,0.1664468256313211,通过
lcb_series,ECN,Cer(m),3.0,Quadratic,"[0.01688721851408305, -0.9888221993765587, 21.34486330321807]",0.999209883263694,94,13,13,7,34.0,48.0,y = 0.0168872 * x^2 + -0.988822 * x + 21.3449,0.0,False,2.0,0.1197068654162848,0.2551929224412657,相邻不饱和度曲线斜率差超过阈值
lcb_series,ECN,Cer(m),4.0,Quadratic,"[0.009017857142857098, -0.23924285714285365, 8.61216785714279]",0.9993356341380022,16,9,9,5,35.0,43.0,y = 0.00901786 * x^2 + -0.239243 * x + 8.61217,0.0,False,3.0,0.1357691552780808,0.2925113762319957,相邻不饱和度曲线斜率差超过阈值
lcb_series,ECN,Cer(m),5.0,Linear,"[0.44405000000000017, -4.8507500000000086]",0.9989840204300376,11,9,9,4,37.0,43.0,y = 0.44405 * x + -4.85075,0.0,True,4.0,0.038135714285714,0.0790892661393056,通过
lcb_series,ECN,Cer(m),6.0,Linear,"[0.7906782786885249, -18.169477459016406]",0.9999998984222362,9,8,8,3,27.0,45.0,y = 0.790678 * x + -18.1695,0.0,False,5.0,0.3466282786885247,0.4383935767951878,相邻不饱和度曲线斜率差超过阈值
lcb_series,ECN,Cer(m),8.0,Quadratic,"[0.04092803776115108, -2.543581338668988, 44.588636724528655]",0.9998860489848256,10,8,8,6,31.0,48.0,y = 0.040928 * x^2 + -2.54358 * x + 44.5886,0.0,False,6.0,0.2901227993195516,0.366929011633872,相邻不饱和度曲线斜率差超过阈值
lcb_series,ECN,DHCerP(d),0.0,Linear,"[0.26851184834123215, -2.462597156398102]",0.99999988691246,9,7,7,3,31.0,46.0,y = 0.268512 * x + -2.4626,0.0,,,,,最低不饱和度曲线，无下邻参考曲线
lcb_series,ECN,DHCerP(d),1.0,Linear,"[0.42110000000000014, -9.818650000000005]",0.9999249528523536,13,11,11,4,40.0,48.0,y = 0.4211 * x + -9.81865,0.0,False,0.0,0.152588151658768,0.3623560951288718,相邻不饱和度曲线斜率差超过阈值
lcb_series,ECN,DHCerP(d),2.0,Linear,"[0.4007707129094415, -9.122778420038546]",0.9973779715096944,17,8,8,8,40.0,49.0,y = 0.400771 * x + -9.12278,0.0,True,1.0,0.0203292870905586,0.0482766257196833,通过
lcb_series,ECN,DHCerP(d),3.0,Quadratic,"[0.012889499574047125, -0.8188074143285076, 19.102978867240132]",0.9954145359479076,16,7,7,6,34.0,49.0,y = 0.0128895 * x^2 + -0.818807 * x + 19.103,0.0,True,2.0,0.072412665147755,0.1806835250561772,通过
lcb_series,ECN,DHCerP(d),4.0,Linear,"[0.4445301724137925, -11.510030172413764]",0.9975354340349888,12,6,6,5,44.0,50.0,y = 0.44453 * x + -11.51,0.0,True,3.0,0.0646141263559175,0.1453537473172264,通过
lcb_series,ECN,DHCerP(d),5.0,Linear,"[0.41556451612903245, -10.408887096774201]",0.99999725956842,12,7,7,4,42.0,50.0,y = 0.415565 * x + -10.4089,0.0,True,4.0,0.02896565628476,0.0651601580326414,通过
lcb_series,ECN,DHCerP(d),6.0,Linear,"[0.39467625899280584, -10.121467625899285]",0.9999199936318108,7,5,5,4,44.0,52.0,y = 0.394676 * x + -10.1215,0.0,True,5.0,0.0208882571362266,0.0502647755655365,通过
lcb_series,ECN,GlcCer(d),0.0,Linear,"[0.4173684210526318, -6.822684210526324]",0.9998239378553796,12,6,6,6,34.0,42.0,y = 0.417368 * x + -6.82268,0.0,,,,,最低不饱和度曲线，无下邻参考曲线
lcb_series,ECN,GlcCer(d),1.0,Linear,"[0.4022991071428571, -6.580848214285714]",0.9994197751655612,39,9,9,6,35.0,43.0,y = 0.402299 * x + -6.58085,0.0,True,0.0,0.0150693139097746,0.0361055440461183,通过
lcb_series,ECN,GlcCer(d),2.0,Linear,"[0.4091402173913044, -7.084459782608699]",0.9995157090361833,61,10,10,7,34.0,44.0,y = 0.40914 * x + -7.08446,0.0,True,1.0,0.0068411102484473,0.016720698571425,通过
lcb_series,ECN,GlcCer(d),3.0,Quadratic,"[0.0374406070120358, -2.6251823652538113, 53.689258241758594]",0.9993698688575126,23,7,7,5,38.0,44.0,y = 0.0374406 * x^2 + -2.62518 * x + 53.6893,0.0,False,2.0,0.1137436162390959,0.2556338429013856,相邻不饱和度曲线斜率差超过阈值
lcb_series,ECN,GlcCer(d),4.0,Linear,"[0.4155096774193547, -7.915141935483861]",0.9999828206558524,17,7,7,6,36.0,45.0,y = 0.41551 * x + -7.91514,0.0,False,3.0,0.1137436162390963,0.2556338429013866,相邻不饱和度曲线斜率差超过阈值
lcb_series,ECN,GlcCer(d),5.0,Linear,"[0.3983875000000002, -7.8954125000000115]",0.9991136688196804,26,6,6,6,38.0,46.0,y = 0.398388 * x + -7.89541,0.0,True,4.0,0.0171221774193544,0.0412076501459527,通过
lcb_series,ECN,GlcCer(m),2.0,Linear,"[0.40784716599190274, -6.794534919028335]",0.9993204323441144,90,13,13,12,32.0,44.0,y = 0.407847 * x + -6.79453,0.0,,,,,最低不饱和度曲线，无下邻参考曲线
lcb_series,ECN,GlcCer(m),3.0,Linear,"[0.3846149635036496, -6.550160583941604]",0.9992937721624068,49,8,8,5,34.0,43.0,y = 0.384615 * x + -6.55016,0.0,True,2.0,0.0232322024882531,0.0569630107193496,通过
lcb_series,ECN,GlcCer(m),4.0,Linear,"[0.45059210526315757, -11.267565789473672]",0.9901399825821416,13,6,6,3,40.0,45.0,y = 0.450592 * x + -11.2676,0.0,True,3.0,0.0659771417595079,0.1464232084602893,通过
lcb_series,ECN,GlcCer(t),1.0,Linear,"[0.38558571428571453, -6.289385714285725]",0.9998187679949748,18,5,5,4,36.0,44.0,y = 0.385586 * x + -6.28939,0.0,True,0.0,0.0217115830115827,0.0533064745473498,通过
lcb_series,ECN,GlcCer(t),4.0,Linear,"[0.4284142857142863, -8.69745714285717]",0.9983063859986078,16,6,6,6,38.0,44.0,y = 0.428414 * x + -8.69746,0.0,True,1.0,0.0428285714285717,0.0999699889959658,通过
lcb_series,ECN,GlcCer(t),5.0,Linear,"[0.4074428571428569, -8.536585714285703]",0.9999686971749846,9,5,5,4,40.0,44.0,y = 0.407443 * x + -8.53659,0.0,True,4.0,0.0209714285714294,0.0489512821367853,通过
lcb_series,ECN,SM(d),0.0,Linear,"[0.4215267175572522, -7.027633587786271]",0.999952974229156,12,4,4,4,34.0,41.0,y = 0.421527 * x + -7.02763,0.0,,,,,最低不饱和度曲线，无下邻参考曲线
lcb_series,ECN,SM(d),1.0,Linear,"[0.40223998664886534, -6.6576722296395285]",0.9985287576622568,36,12,12,11,32.0,43.0,y = 0.40224 * x + -6.65767,0.0,True,0.0,0.0192867309083868,0.0457544684715442,通过
lcb_series,ECN,SM(d),2.0,Linear,"[0.3874228915662651, -6.720680722891567]",0.9979235502448868,31,9,9,9,34.0,44.0,y = 0.387423 * x + -6.72068,0.0,True,1.0,0.0148170950826002,0.0368364547892022,通过
lcb_series,ECN,SM(d),3.0,Linear,"[0.3965571428571433, -7.685595238095255]",0.9984092335708904,7,6,6,6,40.0,45.0,y = 0.396557 * x + -7.6856,0.0,True,2.0,0.0091342512908781,0.0230338841587043,通过
lcb_series,ECN,SM(d),4.0,Linear,"[0.40462727272727306, -7.541213636363649]",0.9985156986930636,34,10,10,10,34.0,44.0,y = 0.404627 * x + -7.54121,0.0,True,3.0,0.0080701298701297,0.0199446018943196,通过
lcb_series,ECN,SM(d),5.0,Linear,"[0.3893975770925113, -7.584143171806179]",0.99938765594033,22,7,7,7,36.0,45.0,y = 0.389398 * x + -7.58414,0.0,True,4.0,0.0152296956347617,0.0376388263008332,通过
lcb_series,ECN,Sa(d),0.0,Linear,"[0.22368562874251502, -0.09264970059880273]",0.99893141896312,26,10,10,5,16.0,25.0,y = 0.223686 * x + -0.0926497,0.0,,,,,最低不饱和度曲线，无下邻参考曲线
lcb_series,ECN,Sa(m),0.0,Quadratic,"[-0.0017221908725399558, 0.17183416801861934, 1.5101820201735388]",0.9902244923182398,19,8,8,6,12.0,22.0,y = -0.00172219 * x^2 + 0.171834 * x + 1.51018,0.0,,,,,最低不饱和度曲线，无下邻参考曲线
lcb_series,ECN,Sa(t),0.0,Quadratic,"[0.011345779220779261, -0.3207126623376638, 5.630827922077936]",0.9963738140835748,11,6,6,5,14.0,24.0,y = 0.0113458 * x^2 + -0.320713 * x + 5.63083,0.0,,,,,最低不饱和度曲线，无下邻参考曲线
lcb_series,ECN,So(m),1.0,Linear,"[0.21720652173913033, 1.347641304347829]",0.995186425906226,15,7,7,5,14.0,22.0,y = 0.217207 * x + 1.34764,0.0,,,,,最低不饱和度曲线，无下邻参考曲线
lcb_series,IUP,Cer(d),0.0,Linear,"[0.41330144927536233, -5.819920289855077]",0.9984769491445332,72,13,13,11,32.0,46.0,y = 0.413301 * x + -5.81992,-0.0,,,,,最低不饱和度曲线，无下邻参考曲线
lcb_series,IUP,Cer(d),1.0,Linear,"[0.4291083550913839, -6.680077023498699]",0.99987207636078,40,9,7,7,32.0,43.0,y = 0.429108 * x + -6.68008,-0.0,True,0.0,0.0158069058160215,0.0368366302554404,通过
lcb_series,IUP,Cer(d),2.0,Linear,"[0.41616666666666685, -7.273610752688181]",0.9998831840915174,67,13,9,9,36.0,44.0,y = 0.416167 * x + -7.27361,0.0905003584229409,True,1.0,0.012941688424717,0.0301594883230855,通过
lcb_series,IUP,Cer(d),4.0,Linear,"[0.424982258064516, -7.5814967741935435]",0.9997099757130322,21,10,10,9,36.0,45.0,y = 0.424982 * x + -7.5815,-0.2,True,3.0,0.0197894009216581,0.0465652401862243,通过
lcb_series,IUP,Cer(d),5.0,Linear,"[0.4244638554216867, -7.947740963855418]",0.9996336193384188,6,4,4,4,38.0,44.0,y = 0.424464 * x + -7.94774,-0.0,True,4.0,0.0005184026428293,0.0012198218466584,通过
lcb_series,IUP,Cer(d) (2OH),0.0,Linear,"[0.38662280701754376, -5.385219298245609]",0.9986568099658596,52,12,12,8,35.0,48.0,y = 0.386623 * x + -5.38522,-0.0,,,,,最低不饱和度曲线，无下邻参考曲线
lcb_series,IUP,Cer(d) (2OH),1.0,Linear,"[0.3864638554216868, -6.270813253012051]",0.9982714518018984,38,6,4,4,36.0,42.0,y = 0.386464 * x + -6.27081,-0.0,True,0.0,0.0001589515958569,0.0004111283477638,通过
lcb_series,IUP,Cer(m),0.0,Linear,"[0.3912937158469945, -4.277693989071038]",0.998983479341486,17,9,8,8,33.0,43.0,y = 0.391294 * x + -4.27769,-0.0,,,,,最低不饱和度曲线，无下邻参考曲线
lcb_series,IUP,Cer(m),1.0,Linear,"[0.3931490384615384, -4.963846153846154]",0.9996721539364168,6,4,3,3,34.0,42.0,y = 0.393149 * x + -4.96385,-0.0,True,0.0,0.0018553226145439,0.0047191330336304,通过
lcb_series,IUP,Cer(m),2.0,Linear,"[0.4244807692307692, -6.522301282051281]",0.9995192860952304,130,13,12,12,33.0,44.0,y = 0.424481 * x + -6.5223,-0.0,True,1.0,0.0313317307692307,0.0738118968876002,通过
lcb_series,IUP,Cer(m),3.0,Linear,"[0.38134143968871603, -6.378199416342415]",0.9972332658462988,94,13,7,7,34.0,44.0,y = 0.381341 * x + -6.3782,-0.0,True,2.0,0.0431393295420531,0.1016284662794711,通过
lcb_series,IUP,Cer(m),4.0,Linear,"[0.40785576923076905, -7.74992307692307]",0.9998282183337924,16,9,4,3,34.0,42.0,y = 0.407856 * x + -7.74992,-0.0,True,3.0,0.026514329542053,0.0650090829708257,通过
lcb_series,IUP,Cer(m),8.0,Linear,"[0.22951428571428617, -2.2891142857143008]",0.9972291689863688,10,8,8,4,32.0,36.0,y = 0.229514 * x + -2.28911,-0.0,False,6.0,0.5611639929742387,0.7097248123535468,相邻不饱和度曲线斜率差超过阈值
lcb_series,IUP,DHCerP(d),0.0,Linear,"[0.26851184834123215, -2.462597156398102]",0.99999988691246,9,7,7,3,31.0,46.0,y = 0.268512 * x + -2.4626,-0.0,,,,,最低不饱和度曲线，无下邻参考曲线
lcb_series,IUP,DHCerP(d),1.0,Linear,"[0.42110000000000014, -9.818650000000005]",0.9999249528523536,13,11,11,4,40.0,48.0,y = 0.4211 * x + -9.81865,-0.0,False,0.0,0.152588151658768,0.3623560951288718,相邻不饱和度曲线斜率差超过阈值
lcb_series,IUP,DHCerP(d),2.0,Linear,"[0.39994412331406554, -9.087853564547208]",0.9976388698782545,17,8,8,8,40.0,49.0,y = 0.399944 * x + -9.08785,-0.0,True,1.0,0.0211558766859346,0.050239555179137,通过
lcb_series,IUP,DHCerP(d),3.0,Linear,"[0.40110526315789485, -9.411368421052638]",0.998977939032018,16,7,7,5,44.0,50.0,y = 0.401105 * x + -9.41137,0.2,True,2.0,0.0011611398438293,0.0028948506800625,通过
lcb_series,IUP,DHCerP(d),4.0,Linear,"[0.4125431034482754, -10.033260435571663]",0.9996506287874284,12,6,6,5,44.0,50.0,y = 0.412543 * x + -10.0333,-0.0867173321234101,True,3.0,0.0114378402903805,0.0277252005785005,通过
lcb_series,IUP,DHCerP(d),5.0,Linear,"[0.4132406015037593, -10.308571428571426]",0.9999746705167366,12,7,7,5,42.0,50.0,y = 0.413241 * x + -10.3086,-0.0,True,4.0,0.0006974980554839,0.0016878739720776,通过
lcb_series,IUP,DHCerP(d),6.0,Linear,"[0.39751798561151097, -10.24025179856116]",0.9996190498083886,7,5,5,4,44.0,52.0,y = 0.397518 * x + -10.2403,-0.0,True,5.0,0.0157226158922483,0.0380471227537531,通过
lcb_series,IUP,GlcCer(d),0.0,Linear,"[0.4163894736842105, -6.790161403508771]",0.9998589695955854,12,6,6,6,34.0,42.0,y = 0.416389 * x + -6.79016,-0.0,,,,,最低不饱和度曲线，无下邻参考曲线
lcb_series,IUP,GlcCer(d),1.0,Linear,"[0.4115874999999998, -6.945216666666656]",0.9992348593596904,39,9,9,9,34.0,43.0,y = 0.411587 * x + -6.94522,-0.0,True,0.0,0.0048019736842107,0.0115324089288878,通过
lcb_series,IUP,GlcCer(d),2.0,Linear,"[0.41194805194805173, -7.187003246753239]",0.9995682791340036,61,10,10,10,34.0,44.0,y = 0.411948 * x + -7.187,-0.0,True,1.0,0.0003605519480519,0.000875236443884,通过
lcb_series,IUP,GlcCer(d),3.0,Linear,"[0.49883928571428543, -11.206827380952367]",0.9933639958727968,23,7,6,6,38.0,44.0,y = 0.498839 * x + -11.2068,-0.0,True,2.0,0.0868912337662337,0.1741868298159688,通过
lcb_series,IUP,GlcCer(d),4.0,Linear,"[0.41515161290322583, -8.076695814132103]",0.9999955135320476,17,7,6,6,36.0,45.0,y = 0.415152 * x + -8.0767,-0.174472158218122,True,3.0,0.0836876728110596,0.16776479962124,通过
lcb_series,IUP,GlcCer(d),5.0,Linear,"[0.40362499999999996, -8.116041666666666]",0.9992095276562778,26,6,6,6,38.0,46.0,y = 0.403625 * x + -8.11604,-0.0,True,4.0,0.0115266129032258,0.0277648274629557,通过
lcb_series,IUP,GlcCer(m),2.0,Linear,"[0.4084560439560438, -6.810021978021972]",0.99948609259829,90,13,13,13,32.0,44.0,y = 0.408456 * x + -6.81002,-0.0,,,,,最低不饱和度曲线，无下邻参考曲线
lcb_series,IUP,GlcCer(m),3.0,Linear,"[0.39178216374269015, -6.819403508771934]",0.9992106647621216,49,8,8,8,34.0,44.0,y = 0.391782 * x + -6.8194,-0.0,True,2.0,0.0166738802133536,0.0408217247855145,通过
lcb_series,IUP,GlcCer(m),4.0,Linear,"[0.4505263157894737, -11.263947368421054]",0.990383105075458,13,6,6,3,40.0,45.0,y = 0.450526 * x + -11.2639,-0.0,True,3.0,0.0587441520467835,0.1303900571131878,通过
lcb_series,IUP,GlcCer(t),1.0,Linear,"[0.38558571428571453, -6.289385714285725]",0.9998187679949748,18,5,5,4,36.0,44.0,y = 0.385586 * x + -6.28939,-0.0,True,0.0,0.0217115830115827,0.0533064745473498,通过
lcb_series,IUP,GlcCer(t),4.0,Linear,"[0.4284142857142863, -8.69745714285717]",0.9983063859986078,16,6,6,6,38.0,44.0,y = 0.428414 * x + -8.69746,-0.0,True,1.0,0.0428285714285717,0.0999699889959658,通过
lcb_series,IUP,GlcCer(t),5.0,Linear,"[0.4074428571428569, -8.536585714285703]",0.9999686971749846,9,5,5,4,40.0,44.0,y = 0.407443 * x + -8.53659,-0.0,True,4.0,0.0209714285714294,0.0489512821367853,通过
lcb_series,IUP,LacCer(d),1.0,Linear,"[0.40305769230769245, -7.046153846153853]",0.9999861707330204,11,4,3,3,34.0,42.0,y = 0.403058 * x + -7.04615,-0.0,,,,,最低不饱和度曲线，无下邻参考曲线
lcb_series,IUP,SM(d),0.0,Linear,"[0.4211374045801525, -7.011687022900755]",0.9999703230488544,12,4,4,4,34.0,41.0,y = 0.421137 * x + -7.01169,-0.0,,,,,最低不饱和度曲线，无下邻参考曲线
lcb_series,IUP,SM(d),1.0,Linear,"[0.40371678321678306, -6.723629370629364]",0.9980327773292236,36,12,12,12,32.0,43.0,y = 0.403717 * x + -6.72363,-0.0,True,0.0,0.0174206213633694,0.04136564734908,通过
lcb_series,IUP,SM(d),2.0,Linear,"[0.39729036144578306, -7.075897590361443]",0.9980402718462904,31,9,9,9,34.0,44.0,y = 0.39729 * x + -7.0759,-0.0,True,1.0,0.006426421771,0.0159181437040956,通过
lcb_series,IUP,SM(d),4.0,Linear,"[0.40118181818181853, -7.419890909090922]",0.9983252391552188,34,10,10,10,34.0,44.0,y = 0.401182 * x + -7.41989,-0.0,True,3.0,0.0046246753246752,0.0115276294066231,通过
lcb_series,IUP,SM(d),5.0,Linear,"[0.3951585903083702, -7.812810572687232]",0.9986882846073036,22,7,7,7,36.0,45.0,y = 0.395159 * x + -7.81281,-0.0,True,4.0,0.0060232278734483,0.0150137109920533,通过
lcb_series,IUP,Sa(d),0.0,Linear,"[0.22368562874251502, -0.09264970059880273]",0.99893141896312,26,10,10,5,16.0,25.0,y = 0.223686 * x + -0.0926497,-0.0,,,,,最低不饱和度曲线，无下邻参考曲线
lcb_series,IUP,Sa(m),0.0,Quadratic,"[-0.0017221908725399558, 0.17183416801861934, 1.5101820201735388]",0.9902244923182398,19,8,8,6,12.0,22.0,y = -0.00172219 * x^2 + 0.171834 * x + 1.51018,-0.0,,,,,最低不饱和度曲线，无下邻参考曲线
lcb_series,IUP,Sa(t),0.0,Quadratic,"[0.011345779220779261, -0.3207126623376638, 5.630827922077936]",0.9963738140835748,11,6,6,5,14.0,24.0,y = 0.0113458 * x^2 + -0.320713 * x + 5.63083,-0.0,,,,,最低不饱和度曲线，无下邻参考曲线
lcb_series,IUP,So(d),1.0,Linear,"[0.21795496894409955, 0.09070962732918897]",0.9967876123335836,12,7,7,5,16.0,30.0,y = 0.217955 * x + 0.0907096,-0.0,,,,,最低不饱和度曲线，无下邻参考曲线
lcb_series,IUP,So(m),1.0,Linear,"[0.2083999999999999, 1.4971500000000026]",0.9926062626750974,15,7,6,6,14.0,20.0,y = 0.2084 * x + 1.49715,-0.0,,,,,最低不饱和度曲线，无下邻参考曲线
lcb_series,IUP,So(m),2.0,Linear,"[0.25873214285714274, 0.31703571428571564]",0.9962241394302792,12,4,4,3,18.0,24.0,y = 0.258732 * x + 0.317036,-0.0,True,1.0,0.0503321428571428,0.1945337842501208,通过
total_carbon_unsaturation,ECN,Cer,0.0,Linear,"[0.41365479876160993, -5.8094984520123845]",0.9990148376770496,90,16,16,8,32.0,45.0,y = 0.413655 * x + -5.8095,0.0,,,,,最低不饱和度曲线，无下邻参考曲线
total_carbon_unsaturation,ECN,Cer,1.0,Linear,"[0.712711538461538, -18.394442307692287]",0.9969020689872634,48,11,11,4,38.0,43.0,y = 0.712712 * x + -18.3944,0.0,False,0.0,0.2990567396999281,0.4196041786351223,相邻不饱和度曲线斜率差超过阈值
total_carbon_unsaturation,ECN,Cer,2.0,Linear,"[0.31122647058823527, -2.8409852941176457]",0.9989834499533732,197,15,15,5,33.0,50.0,y = 0.311226 * x + -2.84099,0.0,False,1.0,0.4014850678733027,0.5633205668873413,相邻不饱和度曲线斜率差超过阈值
total_carbon_unsaturation,ECN,Cer,3.0,Linear,"[0.22037761601455863, -0.2880818926296609]",0.9985076122675354,128,15,15,4,34.0,52.0,y = 0.220378 * x + -0.288082,0.0,True,2.0,0.0908488545736766,0.2919059371844794,通过
total_carbon_unsaturation,ECN,Cer,4.0,Linear,"[0.423875796178344, -7.353082802547771]",0.9988858500895292,37,12,12,5,36.0,45.0,y = 0.423876 * x + -7.35308,0.0,False,3.0,0.2034981801637853,0.4800891723436936,相邻不饱和度曲线斜率差超过阈值
total_carbon_unsaturation,ECN,Cer,5.0,Linear,"[0.4853571428571427, -6.447214285714281]",0.9956959528164416,17,11,11,4,37.0,45.0,y = 0.485357 * x + -6.44721,0.0,True,4.0,0.0614813466787987,0.1266723846215132,通过
total_carbon_unsaturation,ECN,Cer,6.0,Linear,"[0.7906782786885249, -18.169477459016406]",0.9999998984222362,10,9,9,3,27.0,45.0,y = 0.790678 * x + -18.1695,0.0,False,5.0,0.3053211358313822,0.3861509087334605,相邻不饱和度曲线斜率差超过阈值
total_carbon_unsaturation,ECN,Cer,8.0,Quadratic,"[0.03914761212586376, -2.3955624311657706, 41.58491679436863]",0.999749001515608,13,9,9,7,31.0,48.0,y = 0.0391476 * x^2 + -2.39556 * x + 41.5849,0.0,False,6.0,0.2775020606390341,0.3509670976409251,相邻不饱和度曲线斜率差超过阈值
total_carbon_unsaturation,ECN,Cer (2OH),0.0,Linear,"[0.4211577301161751, -7.211055853440568]",0.9993150251049256,52,12,12,8,34.0,48.0,y = 0.421158 * x + -7.21106,0.0,,,,,最低不饱和度曲线，无下邻参考曲线
total_carbon_unsaturation,ECN,Cer (2OH),1.0,Quadratic,"[-0.02086995471549515, 1.9759628863949579, -36.43524276432366]",0.9998011133105192,38,6,6,4,36.0,48.0,y = -0.02087 * x^2 + 1.97596 * x + -36.4352,0.0,False,0.0,0.1982710398228098,0.4707762095880736,相邻不饱和度曲线斜率差超过阈值
total_carbon_unsaturation,ECN,DHCerP,0.0,Linear,"[0.26851184834123215, -2.462597156398102]",0.99999988691246,9,7,7,3,31.0,46.0,y = 0.268512 * x + -2.4626,0.0,,,,,最低不饱和度曲线，无下邻参考曲线
total_carbon_unsaturation,ECN,DHCerP,1.0,Linear,"[0.42110000000000014, -9.818650000000005]",0.9999249528523536,13,11,11,4,40.0,48.0,y = 0.4211 * x + -9.81865,0.0,False,0.0,0.152588151658768,0.3623560951288718,相邻不饱和度曲线斜率差超过阈值
total_carbon_unsaturation,ECN,DHCerP,2.0,Linear,"[0.4007707129094415, -9.122778420038546]",0.9973779715096944,17,8,8,8,40.0,49.0,y = 0.400771 * x + -9.12278,0.0,True,1.0,0.0203292870905586,0.0482766257196833,通过
total_carbon_unsaturation,ECN,DHCerP,3.0,Quadratic,"[0.012889499574047125, -0.8188074143285076, 19.102978867240132]",0.9954145359479076,16,7,7,6,34.0,49.0,y = 0.0128895 * x^2 + -0.818807 * x + 19.103,0.0,True,2.0,0.072412665147755,0.1806835250561772,通过
total_carbon_unsaturation,ECN,DHCerP,4.0,Linear,"[0.4445301724137925, -11.510030172413764]",0.9975354340349888,12,6,6,5,44.0,50.0,y = 0.44453 * x + -11.51,0.0,True,3.0,0.0646141263559175,0.1453537473172264,通过
total_carbon_unsaturation,ECN,DHCerP,5.0,Linear,"[0.41556451612903245, -10.408887096774201]",0.99999725956842,12,7,7,4,42.0,50.0,y = 0.415565 * x + -10.4089,0.0,True,4.0,0.02896565628476,0.0651601580326414,通过
total_carbon_unsaturation,ECN,DHCerP,6.0,Linear,"[0.39467625899280584, -10.121467625899285]",0.9999199936318108,7,5,5,4,44.0,52.0,y = 0.394676 * x + -10.1215,0.0,True,5.0,0.0208882571362266,0.0502647755655365,通过
total_carbon_unsaturation,ECN,GlcCer,0.0,Quadratic,"[-0.008253233692288796, 0.9946221376408089, -16.939358104344834]",0.9977483447418288,21,7,7,6,34.0,43.0,y = -0.00825323 * x^2 + 0.994622 * x + -16.9394,0.0,,,,,最低不饱和度曲线，无下邻参考曲线
total_carbon_unsaturation,ECN,GlcCer,1.0,Linear,"[0.36269569672131147, -5.2642387295081985]",0.997013459040323,57,10,10,5,35.0,44.0,y = 0.362696 * x + -5.26424,0.0,True,0.0,0.0334308200193976,0.0921731918012946,通过
total_carbon_unsaturation,ECN,GlcCer,2.0,Linear,"[0.3875140320733104, -6.170571019473082]",0.9966597524767352,153,13,13,11,32.0,44.0,y = 0.387514 * x + -6.17057,0.0,True,1.0,0.0248183353519989,0.0640449978526294,通过
total_carbon_unsaturation,ECN,GlcCer,3.0,Linear,"[0.4452515527950309, -9.13852173913043]",0.995094343053866,74,9,9,6,38.0,44.0,y = 0.445252 * x + -9.13852,0.0,True,2.0,0.0577375207217205,0.1296739345641308,通过
total_carbon_unsaturation,ECN,GlcCer,4.0,Quadratic,"[0.015436454057467658, -0.8472346226712993, 17.579216450899928]",0.9978233057736016,46,10,10,6,36.0,45.0,y = 0.0154365 * x^2 + -0.847235 * x + 17.5792,0.0,True,3.0,0.0468955566302813,0.1053237351692503,通过
total_carbon_unsaturation,ECN,GlcCer,5.0,Linear,"[0.45750714285714283, -10.547142857142857]",0.9958381390913807,38,8,8,6,40.0,46.0,y = 0.457507 * x + -10.5471,0.0,True,4.0,0.0390796305252345,0.0840668084884202,通过
total_carbon_unsaturation,ECN,SM,0.0,Linear,"[0.421492366412214, -7.026461832061079]",0.9999521787753356,13,4,4,4,34.0,41.0,y = 0.421492 * x + -7.02646,0.0,,,,,最低不饱和度曲线，无下邻参考曲线
total_carbon_unsaturation,ECN,SM,1.0,Linear,"[0.40496146953405016, -6.751982078853045]",0.9984786495547864,37,12,12,10,32.0,43.0,y = 0.404961 * x + -6.75198,0.0,True,0.0,0.0165308968781638,0.0392199199688395,通过
total_carbon_unsaturation,ECN,SM,2.0,Linear,"[0.3874228915662651, -6.720680722891567]",0.9979235502448868,31,9,9,9,34.0,44.0,y = 0.387423 * x + -6.72068,0.0,True,1.0,0.017538577967785,0.0433092510948387,通过
total_carbon_unsaturation,ECN,SM,3.0,Linear,"[0.3965571428571433, -7.685595238095255]",0.9984092335708904,7,6,6,6,40.0,45.0,y = 0.396557 * x + -7.6856,0.0,True,2.0,0.0091342512908781,0.0230338841587043,通过
total_carbon_unsaturation,ECN,SM,4.0,Linear,"[0.40462727272727306, -7.541213636363649]",0.9985156986930636,34,10,10,10,34.0,44.0,y = 0.404627 * x + -7.54121,0.0,True,3.0,0.0080701298701297,0.0199446018943196,通过
total_carbon_unsaturation,ECN,SM,5.0,Linear,"[0.3893975770925113, -7.584143171806179]",0.99938765594033,23,8,8,7,36.0,45.0,y = 0.389398 * x + -7.58414,0.0,True,4.0,0.0152296956347617,0.0376388263008332,通过
total_carbon_unsaturation,ECN,So,3.0,Quadratic,"[-0.014510836203024395, 0.64497789714029, -2.596616259919144]",0.9998757727214904,8,4,4,4,13.0,22.0,y = -0.0145108 * x^2 + 0.644978 * x + -2.59662,0.0,,,,,最低不饱和度曲线，无下邻参考曲线
total_carbon_unsaturation,IUP,Cer,0.0,Linear,"[0.4208934426229509, -6.05965409836066]",0.9985928218162042,90,16,10,10,32.0,44.0,y = 0.420893 * x + -6.05965,-0.0,,,,,最低不饱和度曲线，无下邻参考曲线
total_carbon_unsaturation,IUP,Cer,1.0,Linear,"[0.42921018276762407, -6.628705262100827]",0.9998755224404068,48,11,7,7,32.0,43.0,y = 0.42921 * x + -6.62871,0.0548417352882079,True,0.0,0.0083167401446731,0.0193768472384446,通过
total_carbon_unsaturation,IUP,Cer,2.0,Linear,"[0.4246398601398602, -6.52788461538462]",0.9995119350172272,197,15,12,12,33.0,44.0,y = 0.42464 * x + -6.52788,-0.0,True,1.0,0.0045703226277638,0.0106482157489684,通过
total_carbon_unsaturation,IUP,Cer,4.0,Linear,"[0.4253153225806449, -7.395170967741926]",0.9993133804905724,37,12,9,9,36.0,45.0,y = 0.425315 * x + -7.39517,-0.0,False,3.0,0.2049377065660863,0.4818488676180427,相邻不饱和度曲线斜率差超过阈值
total_carbon_unsaturation,IUP,Cer,5.0,Linear,"[0.4563283898305086, -9.30683262711865]",0.996051059466333,17,11,5,5,36.0,44.0,y = 0.456328 * x + -9.30683,-0.0,True,4.0,0.0310130672498636,0.0679621692206848,通过
total_carbon_unsaturation,IUP,Cer,8.0,Linear,"[0.1215000000000001, 1.1347499999999968]",0.998616295390467,13,9,5,4,31.0,48.0,y = 0.1215 * x + 1.13475,-0.0,False,6.0,0.6691782786885249,0.8463344658948662,相邻不饱和度曲线斜率差超过阈值
total_carbon_unsaturation,IUP,Cer (2OH),0.0,Linear,"[0.38662280701754376, -5.385219298245609]",0.9986568099658596,52,12,12,8,35.0,48.0,y = 0.386623 * x + -5.38522,-0.0,,,,,最低不饱和度曲线，无下邻参考曲线
total_carbon_unsaturation,IUP,Cer (2OH),1.0,Linear,"[0.3864638554216868, -6.270813253012051]",0.9982714518018984,38,6,4,4,36.0,42.0,y = 0.386464 * x + -6.27081,-0.0,True,0.0,0.0001589515958569,0.0004111283477638,通过
total_carbon_unsaturation,IUP,DHCerP,0.0,Linear,"[0.26851184834123215, -2.462597156398102]",0.99999988691246,9,7,7,3,31.0,46.0,y = 0.268512 * x + -2.4626,-0.0,,,,,最低不饱和度曲线，无下邻参考曲线
total_carbon_unsaturation,IUP,DHCerP,1.0,Linear,"[0.42110000000000014, -9.818650000000005]",0.9999249528523536,13,11,11,4,40.0,48.0,y = 0.4211 * x + -9.81865,-0.0,False,0.0,0.152588151658768,0.3623560951288718,相邻不饱和度曲线斜率差超过阈值
total_carbon_unsaturation,IUP,DHCerP,2.0,Linear,"[0.39994412331406554, -9.087853564547208]",0.9976388698782545,17,8,8,8,40.0,49.0,y = 0.399944 * x + -9.08785,-0.0,True,1.0,0.0211558766859346,0.050239555179137,通过
total_carbon_unsaturation,IUP,DHCerP,3.0,Linear,"[0.40110526315789485, -9.411368421052638]",0.998977939032018,16,7,7,5,44.0,50.0,y = 0.401105 * x + -9.41137,0.2,True,2.0,0.0011611398438293,0.0028948506800625,通过
total_carbon_unsaturation,IUP,DHCerP,4.0,Linear,"[0.4125431034482754, -10.033260435571663]",0.9996506287874284,12,6,6,5,44.0,50.0,y = 0.412543 * x + -10.0333,-0.0867173321234101,True,3.0,0.0114378402903805,0.0277252005785005,通过
total_carbon_unsaturation,IUP,DHCerP,5.0,Linear,"[0.4132406015037593, -10.308571428571426]",0.9999746705167366,12,7,7,5,42.0,50.0,y = 0.413241 * x + -10.3086,-0.0,True,4.0,0.0006974980554839,0.0016878739720776,通过
total_carbon_unsaturation,IUP,DHCerP,6.0,Linear,"[0.39751798561151097, -10.24025179856116]",0.9996190498083886,7,5,5,4,44.0,52.0,y = 0.397518 * x + -10.2403,-0.0,True,5.0,0.0157226158922483,0.0380471227537531,通过
total_carbon_unsaturation,IUP,GlcCer,0.0,Quadratic,"[-0.008253233692288796, 0.9946221376408089, -16.939358104344834]",0.9977483447418288,21,7,7,6,34.0,43.0,y = -0.00825323 * x^2 + 0.994622 * x + -16.9394,-0.0,,,,,最低不饱和度曲线，无下邻参考曲线
total_carbon_unsaturation,IUP,GlcCer,1.0,Linear,"[0.36269569672131147, -5.076750241848429]",0.997013459040323,57,10,10,5,35.0,44.0,y = 0.362696 * x + -5.07675,0.1874884876597694,True,0.0,0.0334308200193976,0.0921731918012946,通过
total_carbon_unsaturation,IUP,GlcCer,2.0,Linear,"[0.3875140320733104, -6.218756997336383]",0.9966597524767352,153,13,13,11,32.0,44.0,y = 0.387514 * x + -6.21876,-0.0481859778633019,True,1.0,0.0248183353519989,0.0640449978526294,通过
total_carbon_unsaturation,IUP,GlcCer,3.0,Linear,"[0.4452515527950309, -9.13852173913043]",0.995094343053866,74,9,9,6,38.0,44.0,y = 0.445252 * x + -9.13852,-0.0,True,2.0,0.0577375207217205,0.1296739345641308,通过
total_carbon_unsaturation,IUP,GlcCer,4.0,Quadratic,"[0.015436454057467658, -0.8472346226712993, 17.579216450899928]",0.9978233057736016,46,10,10,6,36.0,45.0,y = 0.0154365 * x^2 + -0.847235 * x + 17.5792,-0.0,True,3.0,0.0468955566302813,0.1053237351692503,通过
total_carbon_unsaturation,IUP,GlcCer,5.0,Linear,"[0.45750714285714283, -10.547142857142857]",0.9958381390913807,38,8,8,6,40.0,46.0,y = 0.457507 * x + -10.5471,-0.0,True,4.0,0.0390796305252345,0.0840668084884202,通过
total_carbon_unsaturation,IUP,LacCer,1.0,Linear,"[0.4026923076923077, -6.985176923076925]",0.9999517268646896,12,4,4,3,34.0,42.0,y = 0.402692 * x + -6.98518,0.0406692307692281,,,,,最低不饱和度曲线，无下邻参考曲线
total_carbon_unsaturation,IUP,LacCer,2.0,Linear,"[0.4028375, -7.041275000000002]",0.9998731899743516,26,5,5,5,34.0,42.0,y = 0.402838 * x + -7.04128,-0.0,True,1.0,0.0001451923076923,0.0003604240113999,通过
total_carbon_unsaturation,IUP,SM,0.0,Linear,"[0.4211374045801525, -7.011687022900755]",0.9999703230488544,13,4,4,4,34.0,41.0,y = 0.421137 * x + -7.01169,-0.0,,,,,最低不饱和度曲线，无下邻参考曲线
total_carbon_unsaturation,IUP,SM,1.0,Linear,"[0.39922510518934096, -6.529422159887805]",0.9986612194296964,37,12,12,11,32.0,43.0,y = 0.399225 * x + -6.52942,-0.0,True,0.0,0.0219122993908115,0.0520312352987422,通过
total_carbon_unsaturation,IUP,SM,2.0,Linear,"[0.39729036144578306, -7.075897590361443]",0.9980402718462904,31,9,9,9,34.0,44.0,y = 0.39729 * x + -7.0759,-0.0,True,1.0,0.0019347437435578,0.0048462476893588,通过
total_carbon_unsaturation,IUP,SM,4.0,Linear,"[0.40118181818181853, -7.419890909090922]",0.9983252391552188,34,10,10,10,34.0,44.0,y = 0.401182 * x + -7.41989,-0.0,True,3.0,0.0046246753246752,0.0115276294066231,通过
total_carbon_unsaturation,IUP,SM,5.0,Linear,"[0.3951585903083702, -7.812810572687232]",0.9986882846073036,23,8,8,7,36.0,45.0,y = 0.395159 * x + -7.81281,-0.0,True,4.0,0.0060232278734483,0.0150137109920533,通过
total_carbon_unsaturation,IUP,Sa,0.0,Linear,"[0.18756321839080464, 0.8037643678160911]",0.996696279972868,56,12,9,9,14.0,25.0,y = 0.187563 * x + 0.803764,-0.0,,,,,最低不饱和度曲线，无下邻参考曲线
total_carbon_unsaturation,IUP,So,1.0,Linear,"[0.29379661016949155, -0.09238983050847516]",0.9928866348923616,27,9,9,4,15.0,20.0,y = 0.293797 * x + -0.0923898,-0.0,,,,,最低不饱和度曲线，无下邻参考曲线
total_carbon_unsaturation,IUP,So,2.0,Linear,"[0.25873214285714274, 0.31703571428571564]",0.9962241394302792,16,4,4,3,18.0,24.0,y = 0.258732 * x + 0.317036,-0.0,True,1.0,0.0350644673123488,0.1193494618338859,通过
total_carbon_unsaturation,IUP,So,3.0,Quadratic,"[-0.014510836203024395, 0.64497789714029, -2.596616259919144]",0.9998757727214904,8,4,4,4,13.0,22.0,y = -0.0145108 * x^2 + 0.644978 * x + -2.59662,-0.0,False,2.0,0.1941876938378285,0.7505356377195394,相邻不饱和度曲线斜率差超过阈值
